--
-- PostgreSQL database dump
--

-- Dumped from database version 10.12 (Ubuntu 10.12-0ubuntu0.18.04.1)
-- Dumped by pg_dump version 10.12 (Ubuntu 10.12-0ubuntu0.18.04.1)

SET statement_timeout = 0;
SET lock_timeout = 0;
SET idle_in_transaction_session_timeout = 0;
SET client_encoding = 'UTF8';
SET standard_conforming_strings = on;
SELECT pg_catalog.set_config('search_path', '', false);
SET check_function_bodies = false;
SET xmloption = content;
SET client_min_messages = warning;
SET row_security = off;

--
-- Name: plpgsql; Type: EXTENSION; Schema: -; Owner: -
--

CREATE EXTENSION IF NOT EXISTS plpgsql WITH SCHEMA pg_catalog;


--
-- Name: EXTENSION plpgsql; Type: COMMENT; Schema: -; Owner: -
--

COMMENT ON EXTENSION plpgsql IS 'PL/pgSQL procedural language';


SET default_tablespace = '';

SET default_with_oids = false;

--
-- Name: actors; Type: TABLE; Schema: public; Owner: -
--

CREATE TABLE public.actors (
    id integer NOT NULL,
    name character varying,
    birthdate date,
    gender character varying,
    image character varying
);


--
-- Name: actors_id_seq; Type: SEQUENCE; Schema: public; Owner: -
--

CREATE SEQUENCE public.actors_id_seq
    AS integer
    START WITH 1
    INCREMENT BY 1
    NO MINVALUE
    NO MAXVALUE
    CACHE 1;


--
-- Name: actors_id_seq; Type: SEQUENCE OWNED BY; Schema: public; Owner: -
--

ALTER SEQUENCE public.actors_id_seq OWNED BY public.actors.id;


--
-- Name: movie_actors; Type: TABLE; Schema: public; Owner: -
--

CREATE TABLE public.movie_actors (
    movie_id integer NOT NULL,
    actor_id integer NOT NULL
);


--
-- Name: movies; Type: TABLE; Schema: public; Owner: -
--

CREATE TABLE public.movies (
    id integer NOT NULL,
    title character varying,
    release_date date,
    poster character varying
);


--
-- Name: movies_id_seq; Type: SEQUENCE; Schema: public; Owner: -
--

CREATE SEQUENCE public.movies_id_seq
    AS integer
    START WITH 1
    INCREMENT BY 1
    NO MINVALUE
    NO MAXVALUE
    CACHE 1;


--
-- Name: movies_id_seq; Type: SEQUENCE OWNED BY; Schema: public; Owner: -
--

ALTER SEQUENCE public.movies_id_seq OWNED BY public.movies.id;


--
-- Name: actors id; Type: DEFAULT; Schema: public; Owner: -
--

ALTER TABLE ONLY public.actors ALTER COLUMN id SET DEFAULT nextval('public.actors_id_seq'::regclass);


--
-- Name: movies id; Type: DEFAULT; Schema: public; Owner: -
--

ALTER TABLE ONLY public.movies ALTER COLUMN id SET DEFAULT nextval('public.movies_id_seq'::regclass);


--
-- Data for Name: actors; Type: TABLE DATA; Schema: public; Owner: -
--

COPY public.actors (id, name, birthdate, gender, image) FROM stdin;
1	Jon Voight	1938-12-29	male	https://image.tmdb.org/t/p/w500/oxLsItDwLddXu8YYJCfkddYNejL.jpg
2	Katharine Ross	1940-01-29	female	https://image.tmdb.org/t/p/w500/m6PKHjvkGAWVBVMYQfjTxdXnUHD.jpg
3	Michal Zebrowski	1972-06-17	male	https://image.tmdb.org/t/p/w500/4qzNrGn4V17nDPF3HmJcpk0rLb2.jpg
4	Jan Sterling	1921-04-03	female	https://image.tmdb.org/t/p/w500/5Yj3076Th4mz2SJ4ScnKvulruxr.jpg
5	Nicholas Hoult	1989-12-07	male	https://image.tmdb.org/t/p/w500/h1gXgpuXERZTVhxMdjT7uvXIyq6.jpg
6	Ben Gazzara	1930-08-28	male	https://image.tmdb.org/t/p/w500/eGvi9AtDsxB3HYarc3hB512R0Gn.jpg
7	Albert Brooks	1947-07-22	male	https://image.tmdb.org/t/p/w500/zhYhOkN2TRsFrEt7RHOAYGz8ZfF.jpg
8	Liev Schreiber	1967-10-04	male	https://image.tmdb.org/t/p/w500/tcMQZGadbJha3becsGmeC0KXMYW.jpg
9	Barbara Stanwyck	1907-07-16	female	https://image.tmdb.org/t/p/w500/y9BX4FNoFBjP2HPcs8rlzqXjJbu.jpg
10	Candice Bergen	1946-05-09	female	https://image.tmdb.org/t/p/w500/rsC62lwIMIxVAx0dm4BrIdpIo5H.jpg
11	Jim Varney	1949-06-15	male	https://image.tmdb.org/t/p/w500/j2De8KaACIbi4IX8WfUZGmCW1k2.jpg
12	John Lithgow	1945-10-19	male	https://image.tmdb.org/t/p/w500/8Y1sjBdnVR483S8PrnAQzlESwhx.jpg
13	Richard Gere	1949-08-31	male	https://image.tmdb.org/t/p/w500/dVlutWZ75StO0KWGj26sLXe0bjH.jpg
14	Ellen Page	1987-02-21	female	https://image.tmdb.org/t/p/w500/9klYBqJZIMNscul78QxPwzWrur9.jpg
15	Virginia Mayo	1920-11-30	female	https://image.tmdb.org/t/p/w500/An52o55OiDvGzHKP92DwtvU82Nf.jpg
16	Joseph Gordon-Levitt	1981-02-17	male	https://image.tmdb.org/t/p/w500/4U9G4YwTlIEbAymBaseltS38eH4.jpg
17	Bob Peterson	1961-01-18	male	https://image.tmdb.org/t/p/w500/dJe3nTCIToebjj1WHFHP7LmZKyk.jpg
18	Jeff Bridges	1949-12-04	male	https://image.tmdb.org/t/p/w500/xms1RAY6q7Lzp7wNeRCB0kzhucn.jpg
19	Alec Guinness	1914-04-02	male	https://image.tmdb.org/t/p/w500/dddx1VI6l1Ge8SQEJz7rI8OSmkv.jpg
20	Scatman Crothers	1910-05-23	male	https://image.tmdb.org/t/p/w500/oa1XgWdOgemq2b95ZJFEereI8qd.jpg
21	Warren Clarke	1947-04-26	male	https://image.tmdb.org/t/p/w500/uCWVwR5OnGn2dmIzg4y7gM4l49D.jpg
22	George Sanders	1906-07-03	male	https://image.tmdb.org/t/p/w500/opyDYex05eGZRadLhYdSWsKqVrG.jpg
23	Janet Leigh	1927-07-06	female	https://image.tmdb.org/t/p/w500/iMiBIeaMh5pnXuRFBf60VSALIOD.jpg
24	Kerry Condon	1983-01-04	female	https://image.tmdb.org/t/p/w500/9UinfSwMqlgNrpoeppRtQqI6yZG.jpg
25	Neil Flynn	1960-11-13	male	https://image.tmdb.org/t/p/w500/dTZdHPntAeWuEnRmm2unvNYKtK6.jpg
26	Brian Dennehy	1938-07-09	male	https://image.tmdb.org/t/p/w500/ylmQgranjV1ZdMXiaBBpszUF07m.jpg
27	Harriet Andersson	1932-02-14	female	https://image.tmdb.org/t/p/w500/n9uXGRA1da6Kx5WF62ESJas8LOA.jpg
28	Jessica Chastain	1977-03-24	female	https://image.tmdb.org/t/p/w500/4Qyty9CLJchru1QdOTEHspL3SEk.jpg
29	Joe Pantoliano	1951-09-12	male	https://image.tmdb.org/t/p/w500/wlkrWOaC75mtcLAUnEz4kErzf0F.jpg
30	Paul Henreid	1908-01-10	male	https://image.tmdb.org/t/p/w500/aKMN2qy2vFoiGAndEzVkFZuhG01.jpg
31	Gerald R. Molen	1935-01-06	male	https://image.tmdb.org/t/p/w500/m1C2E9MWClm3ITzxQzUxmE1qphL.jpg
32	Gregory Peck	1916-04-05	male	https://image.tmdb.org/t/p/w500/4eFIGU6xjqSnOJP2eKXDHbclLUd.jpg
33	Joaquin Phoenix	1974-10-28	male	https://image.tmdb.org/t/p/w500/zixTWuMZ1D8EopgOhLVZ6Js2ux3.jpg
34	Paul Reiser	1957-03-30	male	https://image.tmdb.org/t/p/w500/rGryzG00uSk8LsidacSBXVgo3iv.jpg
35	Natalie Portman	1981-06-09	female	https://image.tmdb.org/t/p/w500/wU8RzVFj39YUuKLav9WceDhKzbk.jpg
36	Lea Thompson	1961-05-31	female	https://image.tmdb.org/t/p/w500/9RtEx4hZDRPNxE0Y2MtvBi0sCcq.jpg
37	Tyrone Power	1914-05-05	male	https://image.tmdb.org/t/p/w500/zHKNyYKkWIQBwhqxCMNBns1eoXR.jpg
38	Jean Arthur	1900-10-17	female	https://image.tmdb.org/t/p/w500/xsLqMLC3paP6t9Ig0sdCEc5v3JH.jpg
39	Barbara O'Neil	1910-07-17	female	https://image.tmdb.org/t/p/w500/i0OOcgkuMVemnKmqwb7WY8kTDGu.jpg
40	Jamie Foxx	1967-12-13	male	https://image.tmdb.org/t/p/w500/hPwCMEq6jLAidsXAX5BfoYgIfg2.jpg
41	Matthew Goode	1978-04-03	male	https://image.tmdb.org/t/p/w500/xjaa2gEvrY8BuJDWJQNlCsraKpB.jpg
42	Henry Fonda	1905-05-16	male	https://image.tmdb.org/t/p/w500/6wXWsqSXF3wCsGcwVqiszy6RX9X.jpg
43	Sissy Spacek	1949-12-25	female	https://image.tmdb.org/t/p/w500/xAxenjxjLNQFq4v1ccS2to3Mnoq.jpg
44	Ginnifer Goodwin	1978-05-22	female	https://image.tmdb.org/t/p/w500/4MtHJTdCYiUyq6O9QZxgxrm0Uvf.jpg
45	Rami Malek	1981-05-12	male	https://image.tmdb.org/t/p/w500/zvBCjFmedqXRqa45jlLf6vBd9Nt.jpg
46	Kerry Washington	1977-01-31	female	https://image.tmdb.org/t/p/w500/yufNCkn9YuYei9ThzSgApczUe4K.jpg
47	Robert Mitchum	1917-08-06	male	https://image.tmdb.org/t/p/w500/s8qSeTQedpjYQpYGpVnfwhmkD0l.jpg
48	Heath Ledger	1979-04-04	male	https://image.tmdb.org/t/p/w500/5Y9HnYYa9jF4NunY9lSgJGjSe8E.jpg
49	Adolphe Menjou	1890-02-18	male	https://image.tmdb.org/t/p/w500/88FfjxT3cFDIbCIK0UmwyjEF6tU.jpg
50	Viola Davis	1965-08-11	female	https://image.tmdb.org/t/p/w500/bkrRMBXxqR4v3Zeygivfyi6VIfF.jpg
51	Frances McDormand	1957-06-23	female	https://image.tmdb.org/t/p/w500/hFwsJFn7yIoSxdNAlN6OE81g7qj.jpg
52	Sam Rockwell	1968-11-05	male	https://image.tmdb.org/t/p/w500/mEH7nCaG75XNkoFbp3MIwCbIZb6.jpg
53	Martin Milner	1931-12-28	male	https://image.tmdb.org/t/p/w500/2sEL4PauMRhLGnOyVwYtw5QP1YL.jpg
54	Marlene Dietrich	1901-12-27	female	https://image.tmdb.org/t/p/w500/gQFppqFeUdJDfKsp4Lh2G7UDd0R.jpg
55	Kevin Pollak	1957-10-30	male	https://image.tmdb.org/t/p/w500/odadbr8I3lob7oUCm0XPV6RIQjW.jpg
56	Olivia Wilde	1984-03-10	female	https://image.tmdb.org/t/p/w500/9O6qumSwb4eFZcOvwSqdEFAZOOj.jpg
57	Harvey Keitel	1939-05-13	male	https://image.tmdb.org/t/p/w500/f4fjeWB4TrT1gOOBGgFVe9otC0t.jpg
58	Evelyn Keyes	1916-11-20	female	https://image.tmdb.org/t/p/w500/efzYiYB72V8NoWTs8wItkyVjDQi.jpg
59	Sharon Stone	1958-03-10	female	https://image.tmdb.org/t/p/w500/9Rwf8MY6aN2nWiG9TuUGlDtLWPP.jpg
60	Billy Dee Williams	1937-04-06	male	https://image.tmdb.org/t/p/w500/dCiHLiCapPuRwKkM1ytVZ7PwYQY.jpg
61	Martin Balsam	1919-11-04	male	https://image.tmdb.org/t/p/w500/2j4LJJfTPQtvnjp8LfSGOvWFATO.jpg
62	Hugo Weaving	1960-04-04	male	https://image.tmdb.org/t/p/w500/n1hM4zsv9XPkkg08Lwf1lnUJPQS.jpg
63	Colin Firth	1960-09-10	male	https://image.tmdb.org/t/p/w500/lKUq407IhFF6CQoJbUgbEyfS9JA.jpg
64	Rutger Hauer	1944-01-23	male	https://image.tmdb.org/t/p/w500/9gdnF17fj7JfpAmzPGoKOwfwB1H.jpg
65	J.D. Cannon	1922-04-24	male	https://image.tmdb.org/t/p/w500/FSuc86MaMwFns82hIFnerTDUl3.jpg
66	Dennis Price	1915-06-23	male	https://image.tmdb.org/t/p/w500/ax3BdKRYdmbGtY8a6RBj8bxk6Qd.jpg
67	Strother Martin	1919-03-26	male	https://image.tmdb.org/t/p/w500/mHJudNvMY5eoFpDZmr3Xa2rqU93.jpg
68	Nicole Kidman	1967-06-20	female	https://image.tmdb.org/t/p/w500/t1HaRL7lRJemWySXcXxOT8fAGhj.jpg
69	Harrison Ford	1942-07-13	male	https://image.tmdb.org/t/p/w500/5M7oN3sznp99hWYQ9sX0xheswWX.jpg
70	Frank Overton	1918-03-12	male	https://image.tmdb.org/t/p/w500/jfo6pBjtVvwYKRKIFdjPJDu4N3z.jpg
71	Shelley Winters	1920-08-18	female	https://image.tmdb.org/t/p/w500/5jFYpqDBIkXfJ9AepHE4QPHUJJC.jpg
72	Ralph Meeker	1920-11-21	male	https://image.tmdb.org/t/p/w500/kw49AcV9vDgTZY2ts6qrPHSTS76.jpg
73	Al Pacino	1940-04-25	male	https://image.tmdb.org/t/p/w500/p1kKeR73oNXfIIuYhlCa29KOOmq.jpg
74	Gene Wilder	1933-06-11	male	https://image.tmdb.org/t/p/w500/ft5xCaueLZafWk42K1aAs1v6xoQ.jpg
75	Forest Whitaker	1961-07-15	male	https://image.tmdb.org/t/p/w500/fugyEeN6sisuYi07HSoxdVHm0CZ.jpg
76	Michael Clarke Duncan	1957-12-10	male	https://image.tmdb.org/t/p/w500/xwwU0HvCVnPX8BUk9XjYIk07PZr.jpg
77	Edward G. Robinson	1893-12-12	male	https://image.tmdb.org/t/p/w500/sI3vtDTeGcV0uhumtZmYmfcOBav.jpg
78	Lorraine Gary	1937-08-16	female	https://image.tmdb.org/t/p/w500/6JKNdZopypnFnD9xSSlDs6YTHMC.jpg
79	Elizabeth Taylor	1932-02-27	female	https://image.tmdb.org/t/p/w500/1GXYcfIxJdLhrfM312daOEcfwUb.jpg
80	Patton Oswalt	1969-01-27	male	https://image.tmdb.org/t/p/w500/skGzommLR2zE6uk1YQRFK71dOJ8.jpg
81	Zazie Beetz	1991-06-01	female	https://image.tmdb.org/t/p/w500/sgxzT54GnvgeMnOZgpQQx9csAdd.jpg
82	Bill Nunn	1953-10-20	male	https://image.tmdb.org/t/p/w500/5dphDw0EDkKvxrolhvOFv6v91yj.jpg
83	Cary Elwes	1962-10-26	male	https://image.tmdb.org/t/p/w500/9UszBdQJ9PmyBydIeIBxlStozhW.jpg
84	Nastassja Kinski	1959-01-24	female	https://image.tmdb.org/t/p/w500/tPhBfSrLrmAe0qlfUr7sKhuSOeu.jpg
85	Edith Evanson	1896-04-28	female	https://image.tmdb.org/t/p/w500/cCQQcs7TPz4IvSyZXG4kd1nHqmY.jpg
86	Tiny Sandford	1894-02-26	male	https://image.tmdb.org/t/p/w500/kTIvxCBa3Z168aIZoFKvuPIAQYb.jpg
87	Benedict Cumberbatch	1976-07-19	male	https://image.tmdb.org/t/p/w500/wz3MRiMmoz6b5X3oSzMRC9nLxY1.jpg
88	Kevin Costner	1955-01-18	male	https://image.tmdb.org/t/p/w500/bykmxJHLfbFM3NT05RZXhx8YTzF.jpg
89	Jason Lee	1970-04-25	male	https://image.tmdb.org/t/p/w500/64tEXo3xR9IFXsIJKSlJ2LUrrEA.jpg
90	Marcia Gay Harden	1959-08-14	female	https://image.tmdb.org/t/p/w500/h7QeDXbdvO0ERcYbO2DcXSc4H52.jpg
91	Anthony Hopkins	1937-12-31	male	https://image.tmdb.org/t/p/w500/izlT2Ndqyt1c0ZG9JVCjkL4ChL2.jpg
92	Dave Bautista	1969-01-18	male	https://image.tmdb.org/t/p/w500/uwPQIsUdI4lEsrtqPqEgqeIpRo9.jpg
93	Joan Crawford	1905-03-23	female	https://image.tmdb.org/t/p/w500/fw3Zu3ODYPCkZhGykEOWpF3Xht3.jpg
94	Viggo Mortensen	1958-10-20	male	https://image.tmdb.org/t/p/w500/kIyavVDiV6veUbxxxhjITtFLdDY.jpg
95	Linda Hamilton	1956-09-26	female	https://image.tmdb.org/t/p/w500/zRQSWGCmVkYC7s0WxSJla5R4dPX.jpg
96	Jason Flemyng	1966-09-25	male	https://image.tmdb.org/t/p/w500/4jL6MmeqL1Bj9WbxIR4QxNDNKJR.jpg
97	F. Murray Abraham	1939-10-24	male	https://image.tmdb.org/t/p/w500/p2RYVGdrcP0m70BkkiKcwyrDeim.jpg
98	Mélanie Laurent	1983-02-21	female	https://image.tmdb.org/t/p/w500/i99ogEo4gQyanCmHWYYoS6hsUqL.jpg
99	Rhonda Fleming	1923-08-10	female	https://image.tmdb.org/t/p/w500/xBUoRS7dCXOdfiyHK4BD87mNPWN.jpg
100	Spencer Tracy	1900-04-05	male	https://image.tmdb.org/t/p/w500/amu2gtcFLlm4CWfoS21r1NacTn5.jpg
101	Joel Edgerton	1974-06-23	male	https://image.tmdb.org/t/p/w500/aZ0363Jkl37DL0SH4ZgvkTja1D6.jpg
102	Tom Sizemore	1961-11-29	male	https://image.tmdb.org/t/p/w500/soINOuacuiThRb2LyPD4tTWve7C.jpg
103	Liam Neeson	1952-06-07	male	https://image.tmdb.org/t/p/w500/iNyV85ll3lqkHA6FMiNzMFNY6Zs.jpg
104	Adrien Brody	1973-04-14	male	https://image.tmdb.org/t/p/w500/cDKU0bi8kIIlCJwCEqDb1BjxCTt.jpg
105	Roy Dotrice	1923-05-26	male	https://image.tmdb.org/t/p/w500/tScwrFSNHYAklj2DQbRQ64qDvLs.jpg
106	Gene Kelly	1912-08-23	male	https://image.tmdb.org/t/p/w500/qpxdcekD3x77J6dIxMOUfJifu49.jpg
107	George Kennedy	1925-02-18	male	https://image.tmdb.org/t/p/w500/o6dYtC5zAbhUZkAaDNG28TY8JeV.jpg
108	Natascha McElhone	1969-12-14	female	https://image.tmdb.org/t/p/w500/x5UXw0ospfYryYqJOtqEN74Slho.jpg
109	John Williams	1903-04-15	male	https://image.tmdb.org/t/p/w500/vuzozbHJSejHIa5tIWpbEIn7wc4.jpg
110	Trevor Howard	1913-09-29	male	https://image.tmdb.org/t/p/w500/jnt4bc6P433sUZNThxxUaDTK9NB.jpg
111	Don Cheadle	1964-11-29	male	https://image.tmdb.org/t/p/w500/b1EVJWdFn7a75qVYJgwO87W2TJU.jpg
112	Agnes Moorehead	1900-12-06	female	https://image.tmdb.org/t/p/w500/kckvDNzGhillNhWtasYePSFJEKs.jpg
113	Jack Oakie	1903-11-12	male	https://image.tmdb.org/t/p/w500/9oWdEicbTjfpfiCtvvYuxi0UseU.jpg
114	Kurt Russell	1951-03-17	male	https://image.tmdb.org/t/p/w500/5zfkykCkaIznXWR6sRqVDAMe4Iv.jpg
115	James Laurenson	1940-02-17	male	https://image.tmdb.org/t/p/w500/fW9gq3GzJGjICmTIgmzzGQ4fQyz.jpg
116	Jenny Slate	1982-03-25	female	https://image.tmdb.org/t/p/w500/aqH8MCnT3O5Od3OfZR8LClSP7UB.jpg
117	Donald O'Connor	1925-08-28	male	https://image.tmdb.org/t/p/w500/pPB1oZgIBfZqRM0xMNtKD9g4LJP.jpg
118	Sean Young	1959-11-20	female	https://image.tmdb.org/t/p/w500/Ap2c6qruZtr2JJ1lbXwBG8HSqId.jpg
119	Rosamund Pike	1979-01-27	female	https://image.tmdb.org/t/p/w500/8ObNklHDi2hjdz0ayzJFB9jtqzm.jpg
120	Alan Rickman	1946-02-21	male	https://image.tmdb.org/t/p/w500/7tADZs4ILE93oJ5pAh6mKQFEq2m.jpg
121	Paul Newman	1925-01-26	male	https://image.tmdb.org/t/p/w500/86y3mhX7mBdUC9A5B0euU8kPWmp.jpg
122	Olivia Williams	1968-07-26	female	https://image.tmdb.org/t/p/w500/gnL7XGfLiAbhqIjV4jAGIZgySJh.jpg
123	Robert Portal	1967-10-29	male	https://image.tmdb.org/t/p/w500/n1HEjfvZrxTShTZ1HncsWJ5Sib7.jpg
124	Chris Sarandon	1942-07-24	male	https://image.tmdb.org/t/p/w500/8O2DoO5e2mvIpJx12L0tmbWQKc4.jpg
125	Sandy Dennis	1937-04-27	female	https://image.tmdb.org/t/p/w500/hy3QacaLrl2GtSPKmZtgSIQJfJG.jpg
126	Ben Affleck	1972-08-15	male	https://image.tmdb.org/t/p/w500/lowyjtC3tZcNEGrxCGoEwjqgdvk.jpg
127	Harry Dean Stanton	1926-07-14	male	https://image.tmdb.org/t/p/w500/sTOaAZ2CecGYa1DRTDDaqi70Mus.jpg
128	Burt Young	1940-04-30	male	https://image.tmdb.org/t/p/w500/sHe7o1ZkJV5r0WDzkm28xnsNtAu.jpg
129	Helena Bonham Carter	1966-05-26	female	https://image.tmdb.org/t/p/w500/iaBdrPPVtBSai04xbwKPOSYJKTB.jpg
130	Ingrid Bergman	1915-08-29	female	https://image.tmdb.org/t/p/w500/x6LOGUWNHH3pRO8gOup68xPJL46.jpg
131	Maria Bello	1967-04-18	female	https://image.tmdb.org/t/p/w500/tFkbad0JoWvYc6XYBITv6EfeLwR.jpg
132	Kasi Lemmons	1961-02-24	female	https://image.tmdb.org/t/p/w500/hof1zuo2FRj83xNuJWl1sWUPMtS.jpg
133	Janet Gaynor	1906-10-06	female	https://image.tmdb.org/t/p/w500/kwyClWei18GOssMPbrs4RL61izG.jpg
134	Ethan Hawke	1970-11-06	male	https://image.tmdb.org/t/p/w500/mkcZ8QtFOS1wWQAvwkAm8vPTkyy.jpg
135	Tom Hulce	1953-12-06	male	https://image.tmdb.org/t/p/w500/ufgpuuU900NOi1vKupCmWpq7UgW.jpg
136	Claudette Colbert	1903-09-13	female	https://image.tmdb.org/t/p/w500/lgiSXDYAe7Oo4bIRx71G1RIZdT0.jpg
137	Chris Hemsworth	1983-08-11	male	https://image.tmdb.org/t/p/w500/tlkDiLn2G75Xr7m1ybK8QFzZBso.jpg
138	Robby Benson	1956-01-21	male	https://image.tmdb.org/t/p/w500/1hegCKexgyiaFZaNMnHADbeHM0T.jpg
139	Ellen Burstyn	1932-12-07	female	https://image.tmdb.org/t/p/w500/v4z5K4phgT3y3ypjCCu9mg5LWg0.jpg
140	Geoffrey Rush	1951-07-06	male	https://image.tmdb.org/t/p/w500/npXFjaFQzBNroCEPllGPTZ5IisA.jpg
141	Tim Roth	1961-05-14	male	https://image.tmdb.org/t/p/w500/hgaIXIW9GKnZhrweplBonG7uhhP.jpg
142	Bodil Rosing	1877-12-27	female	https://image.tmdb.org/t/p/w500/zNhUo6xA1AAjtshFInTabGct4O9.jpg
143	Eric Idle	1943-03-29	male	https://image.tmdb.org/t/p/w500/fXPCAvoXW3gbpqWhzjePXSZ4VPi.jpg
144	Ralph Fiennes	1962-12-22	male	https://image.tmdb.org/t/p/w500/kIRs1PlRtGH1C5Hr3fK2oyDtJXF.jpg
145	Wil Wheaton	1972-07-29	male	https://image.tmdb.org/t/p/w500/yqEW17L7Fdg2RDRLLo4SqRHkjyw.jpg
146	Clint Eastwood	1930-05-31	male	https://image.tmdb.org/t/p/w500/iGgljl8yozXF5WoGQy5zQD97i9Z.jpg
147	Patrick Stewart	1940-07-13	male	https://image.tmdb.org/t/p/w500/wEy5qSDT5jT3ZASc2hbwi59voPL.jpg
148	Carrie-Anne Moss	1967-08-21	female	https://image.tmdb.org/t/p/w500/xD4jTA3KmVp5Rq3aHcymL9DUGjD.jpg
149	Amanda Plummer	1957-03-23	female	https://image.tmdb.org/t/p/w500/xuhKh2fYupbBwYgErPWhBAYxJg8.jpg
150	Peter Cushing	1913-05-26	male	https://image.tmdb.org/t/p/w500/1qtKVu16REL2YLVrhayjVey4al.jpg
151	Myrna Loy	1905-08-02	female	https://image.tmdb.org/t/p/w500/xbNyKENYwyx6u4OR087SbEkmOo9.jpg
152	Lee Remick	1935-12-14	female	https://image.tmdb.org/t/p/w500/90TB8k134kouctQkNU641aHkiHm.jpg
153	John Gallagher Jr.	1984-06-17	male	https://image.tmdb.org/t/p/w500/e4eEg5lH6Yk0OkpieUoUYdzl2Ui.jpg
154	Gabriel Byrne	1950-05-12	male	https://image.tmdb.org/t/p/w500/vZ5amSGl8iSSK7C7WLKCN4EewnM.jpg
155	Karl Malden	1912-03-22	male	https://image.tmdb.org/t/p/w500/mszc66eJmCKzOD2vwl8qJrVSz1W.jpg
156	Hugh Jackman	1968-10-12	male	https://image.tmdb.org/t/p/w500/aLvTYCe8Ar3jvqNiWLdHEJFyA32.jpg
157	Jeff Daniels	1955-02-19	male	https://image.tmdb.org/t/p/w500/r0mkZJZnTSJO3HJRsMW5HtszxE8.jpg
158	George O'Brien	1899-04-19	male	https://image.tmdb.org/t/p/w500/fc960YdabhS8yjLRf4IxETSN4Hu.jpg
159	Brad Pitt	1963-12-18	male	https://image.tmdb.org/t/p/w500/tJiSUYst4ddIaz1zge2LqCtu9tw.jpg
160	Keenan Wynn	1916-07-27	male	https://image.tmdb.org/t/p/w500/n5iLeYpe19ah5zYzooksiArIQZk.jpg
161	Margot Robbie	1990-07-02	female	https://image.tmdb.org/t/p/w500/ecv9SBN9m1cEZFfSopph6wf8fk.jpg
162	Alan Alda	1936-01-28	male	https://image.tmdb.org/t/p/w500/a5tOOHdsrKSabKwdzDOYqeTp446.jpg
163	Shameik Moore	1995-05-04	male	https://image.tmdb.org/t/p/w500/uJNaSTsfBOvtFWsPP23zNthknsB.jpg
164	Karen Allen	1951-10-05	female	https://image.tmdb.org/t/p/w500/hj1RlVnieS4jp9fKmiSirjKhA0a.jpg
165	Terry Gilliam	1940-11-22	male	https://image.tmdb.org/t/p/w500/dnI56oXeTBmNgj6ibnUqoHvmau6.jpg
166	Laurence Olivier	1907-05-22	male	https://image.tmdb.org/t/p/w500/q8XmXrFIu6aPqkyAI5JhCYQm4Kk.jpg
167	Maggie Gyllenhaal	1977-11-16	female	https://image.tmdb.org/t/p/w500/z4vCCNHoXbOTt2w1hZPMu9FwkyJ.jpg
168	Robert Downey Jr.	1965-04-04	male	https://image.tmdb.org/t/p/w500/5qHNjhtjMD4YWH3UP0rm4tKwxCL.jpg
169	Rod Steiger	1925-04-14	male	https://image.tmdb.org/t/p/w500/mwQyhMPTFwztfURtwxqpG69lDAl.jpg
170	Matt Damon	1970-10-08	male	https://image.tmdb.org/t/p/w500/elSlNgV8xVifsbHpFsqrPGxJToZ.jpg
171	Russell Crowe	1964-04-07	male	https://image.tmdb.org/t/p/w500/tZCbQwF5btUvutbc3AjJKPzrJV7.jpg
172	Alan Howard	1937-08-05	male	https://image.tmdb.org/t/p/w500/jYHkGkFzRGrVRoX568Omr3ipmde.jpg
173	Lionel Barrymore	1878-04-28	male	https://image.tmdb.org/t/p/w500/4vPzIVCzB21IlWX86VtFuHwMv3v.jpg
174	Connie Nielsen	1965-07-03	female	https://image.tmdb.org/t/p/w500/lvQypTfeH2Gn2PTbzq6XkT2PLmn.jpg
175	Beverly D'Angelo	1951-11-15	female	https://image.tmdb.org/t/p/w500/8fYQIA8dAaA4GOTxOFSKIvTqzi.jpg
176	Don Gordon	1926-11-13	male	https://image.tmdb.org/t/p/w500/n9gIyolDCmQyvK2TarsJ6rcsQ5m.jpg
177	Tom Helmore	1904-01-04	male	https://image.tmdb.org/t/p/w500/3cXsDyWScmmOVeSAh50mee2nH6G.jpg
178	Benjamin Bratt	1963-12-16	male	https://image.tmdb.org/t/p/w500/jixSFwipypcSEdZsNte1pyhXWjN.jpg
179	James Gammon	1940-04-20	male	https://image.tmdb.org/t/p/w500/ars75g9cpq6fqOSLDo3voNkZcak.jpg
180	Scott Glenn	1939-01-26	male	https://image.tmdb.org/t/p/w500/4Uz4ZnoR90dxjgqJo09ekFPii8U.jpg
181	Christine Hargreaves	1939-03-22	female	https://image.tmdb.org/t/p/w500/7zLjJbWFRiSGq4LPxbhX2NF8mvb.jpg
182	Marilyn Monroe	1926-06-01	female	https://image.tmdb.org/t/p/w500/8I6r4ou9H9zJPWXBZebiWn1EuoX.jpg
183	Don Rickles	1926-05-08	male	https://image.tmdb.org/t/p/w500/iJLQV4dcbTUgxlWJakjDldzlMXS.jpg
184	Robert Duvall	1931-01-05	male	https://image.tmdb.org/t/p/w500/2TBraRu1vWjUItXtXAII8z6Pvs9.jpg
185	Dana Andrews	1909-01-01	male	https://image.tmdb.org/t/p/w500/gTZaqIS441ejTsQmfZff6SHvWja.jpg
186	Ray Liotta	1954-12-18	male	https://image.tmdb.org/t/p/w500/3lRxzUz5CVDsiAQlMmvZZVaN8rc.jpg
187	Jim Cummings	1952-11-03	male	https://image.tmdb.org/t/p/w500/7eAYLEIm2nWLsRDyhGDzeMMiNmq.jpg
188	Christoph Waltz	1956-10-04	male	https://image.tmdb.org/t/p/w500/2Hhztd4mUEV9Y25rfkXDwzL9QI9.jpg
189	Michael Parks	1940-04-24	male	https://image.tmdb.org/t/p/w500/sXK8vnVNyYzJl2oE6lxKLtxG9px.jpg
190	Stellan Skarsgård	1951-06-13	male	https://image.tmdb.org/t/p/w500/wCpWjalD8d4MNuAdYupYf3viT1I.jpg
191	Cathy Moriarty	1960-11-29	female	https://image.tmdb.org/t/p/w500/g5pXUDGH30egsCq9eTDrsikFAYk.jpg
192	William Hurt	1950-03-20	male	https://image.tmdb.org/t/p/w500/zp6UOht6c1iyHDbpYn1hkX103lG.jpg
193	Kitty Winn	1944-02-21	female	https://image.tmdb.org/t/p/w500/9qO3EfnwYkiuol2z8jzetCIR92f.jpg
194	Mark Ruffalo	1967-11-22	male	https://image.tmdb.org/t/p/w500/z3dvKqMNDQWk3QLxzumloQVR0pv.jpg
195	George C. Scott	1927-10-18	male	https://image.tmdb.org/t/p/w500/1dL9hx7nC0cACIVpp6xS1jqJJN7.jpg
196	Jennifer Aniston	1969-02-11	female	https://image.tmdb.org/t/p/w500/gnKu9h2juLxqlwOEc6VnPqvB7nW.jpg
197	Stephanie Beatriz	1981-02-10	female	https://image.tmdb.org/t/p/w500/GWpFEYzCCHkWYwiXttkEuPrNW0.jpg
198	Angela Lansbury	1925-10-16	female	https://image.tmdb.org/t/p/w500/sNIHnWjXEpBcTjRxzmrwuJyHqfi.jpg
199	Teresa Wright	1918-10-27	female	https://image.tmdb.org/t/p/w500/1J7IOy7S8krsTK22agsFLm2dYXU.jpg
200	Peter Boyle	1935-10-18	male	https://image.tmdb.org/t/p/w500/6TapQmC46mPDYrwm67tyJaEM97I.jpg
201	Margaret Livingston	1895-11-25	female	https://image.tmdb.org/t/p/w500/gkLkBJMDjm3AFo8CUmMZDgAKMGD.jpg
202	Holly Hunter	1958-03-20	female	https://image.tmdb.org/t/p/w500/oNoFAi0AQXDP68tv7c7t5WjYioy.jpg
203	Ned Beatty	1937-07-06	male	https://image.tmdb.org/t/p/w500/j7Uf78DCxB4OAGxkoFxLZkktVrm.jpg
204	Chris Evans	1981-06-13	male	https://image.tmdb.org/t/p/w500/7dUkkq1lK593XvOjunlUB11lKm1.jpg
205	Diane Keaton	1946-01-05	female	https://image.tmdb.org/t/p/w500/a8jyFmJoOWcaEHG0Ipgcg2E1BgK.jpg
206	Wendell Corey	1914-03-20	male	https://image.tmdb.org/t/p/w500/eA8sjsZzDz0MywoxfbdRs9Ejwnu.jpg
207	Ben Kingsley	1943-12-31	male	https://image.tmdb.org/t/p/w500/57QnYyAVfXBUlu7wwngPwhc76vh.jpg
208	Stephen Rea	1946-10-31	male	https://image.tmdb.org/t/p/w500/8Ej68YWZ8P2Wwf2a0UXibqq9Mu9.jpg
209	Lorraine Bracco	1954-10-02	female	https://image.tmdb.org/t/p/w500/cmVcc09jfmoOqGLY595aBQu3IsP.jpg
210	Richard Harris	1930-10-01	male	https://image.tmdb.org/t/p/w500/51wDHVFNqrYgvUBMOcACAt4sJU9.jpg
211	Benicio Del Toro	1967-02-19	male	https://image.tmdb.org/t/p/w500/hFqwUx8iKXcJoAEUdeFtIdIaD1b.jpg
212	Dorothy Comingore	1913-08-24	female	https://image.tmdb.org/t/p/w500/oZCewbT89apDCvHvMHxYs9n8Llc.jpg
213	Anne Bancroft	1931-09-17	female	https://image.tmdb.org/t/p/w500/ydabiabIsMBe2HsNmx43gBpqzxx.jpg
214	Djimon Hounsou	1964-04-24	male	https://image.tmdb.org/t/p/w500/kC2AoZV3Wgtm854rEmaMt7YN2i.jpg
215	Peter Sellers	1925-09-08	male	https://image.tmdb.org/t/p/w500/sCVIv2DGoC9U16anTjLwMxKBPZ.jpg
216	James Gleason	1882-05-23	male	https://image.tmdb.org/t/p/w500/24sn7JhD5O5NlNjtnZxRINjM1Hw.jpg
217	Carrie Fisher	1956-10-21	female	https://image.tmdb.org/t/p/w500/rfJtncHewKVnHjqpIZvjn24ESeC.jpg
218	Kate Winslet	1975-10-05	female	https://image.tmdb.org/t/p/w500/e3tdop3WhseRnn8KwMVLAV25Ybv.jpg
219	Paul Winfield	1939-05-22	male	https://image.tmdb.org/t/p/w500/86WcHAfit5vFjhKuXz7KSVbWYc3.jpg
220	Octavia Spencer	1972-05-25	female	https://image.tmdb.org/t/p/w500/A3mjZxL6EE7qkKdXSksHiGYFw0v.jpg
221	William Sadler	1950-04-13	male	https://image.tmdb.org/t/p/w500/109vfiW9fiSO5hT3VWOdoCHWGeI.jpg
222	Fredric March	1897-08-31	male	https://image.tmdb.org/t/p/w500/3QzMI2O7NP2j45XBCoBl7o1KogN.jpg
223	John Hurt	1940-01-22	male	https://image.tmdb.org/t/p/w500/kLW1Q53NRuB0EihduBFX3Lbtcl6.jpg
224	Norma Crane	1928-11-10	female	https://image.tmdb.org/t/p/w500/udldU8UL1lVvKQodSWi2z7OcuiL.jpg
225	James Stewart	1908-05-20	male	https://image.tmdb.org/t/p/w500/268grdwLf5jAaYgIRpGAxskvqv9.jpg
226	Christopher Walken	1943-03-31	male	https://image.tmdb.org/t/p/w500/ApgDL7nudR9T2GpjCG4vESgymO2.jpg
227	Jean Hagen	1923-08-03	female	https://image.tmdb.org/t/p/w500/5xaSRq6RTe3Y9hp8gSWgcGupJ14.jpg
228	Eva Marie Saint	1924-07-04	female	https://image.tmdb.org/t/p/w500/1uBwAKbToanmjBgJHRpbnMnuWh2.jpg
229	Steve Buscemi	1957-12-13	male	https://image.tmdb.org/t/p/w500/iclb12atS68uFq11mSUXNoTsMJD.jpg
230	Tom Hanks	1956-07-09	male	https://image.tmdb.org/t/p/w500/nRK6APnLiVNxMzqW2XglBpISksq.jpg
231	John Goodman	1952-06-20	male	https://image.tmdb.org/t/p/w500/eOIx8zj1vYIRhVY2bK5cjIQfua0.jpg
232	Susan Harrison	1938-08-26	female	https://image.tmdb.org/t/p/w500/6zDf2O60k7UrSsfo3rWRbaKv5Lb.jpg
233	Hilary Swank	1974-07-30	female	https://image.tmdb.org/t/p/w500/5isa5g6ayWgE1ttempSXJdo6Xb4.jpg
234	Bette Davis	1908-04-05	female	https://image.tmdb.org/t/p/w500/iu6k5EluDgM7OT4X8WaqXCBWK61.jpg
235	Scarlett Johansson	1984-11-22	female	https://image.tmdb.org/t/p/w500/6NsMbJXRlDZuDzatN2akFdGuTvx.jpg
236	Jack Lemmon	1925-02-08	male	https://image.tmdb.org/t/p/w500/4yowflZgO62PGTPADoFzkYSrZv.jpg
237	Phyllis Smith	1951-07-10	female	https://image.tmdb.org/t/p/w500/qlc37OBmYrwaG8x5rlZ5sJcdDbK.jpg
238	Emma Thompson	1959-04-15	female	https://image.tmdb.org/t/p/w500/2AZaQpfYkvgwYrfqdl9TBoXdjHP.jpg
239	Chris Pratt	1979-06-21	male	https://image.tmdb.org/t/p/w500/gXKyT1YU5RWWPaE1je3ht58eUZr.jpg
240	Sylvester Stallone	1946-07-06	male	https://image.tmdb.org/t/p/w500/gP5STftJ8ErISwlYiUggmxajrhr.jpg
241	Ray Milland	1907-01-04	male	https://image.tmdb.org/t/p/w500/zB7jGIBc6dc3fMqCpXlCDZxQrll.jpg
242	Ben Burtt	1948-07-12	male	https://image.tmdb.org/t/p/w500/16OhOb7WngOi4WOnGpRpbDSzYnd.jpg
243	Marlon Wayans	1972-07-23	male	https://image.tmdb.org/t/p/w500/7LYnX3vluHFBs1WCRKUjSIEDEkn.jpg
244	Bruce Willis	1955-03-19	male	https://image.tmdb.org/t/p/w500/A1XBu3CffBpSK8HEIJM8q7Mn4lz.jpg
245	Stephen Boyd	1931-07-04	male	https://image.tmdb.org/t/p/w500/64KLW9XGjGLUl3RbtjfMRPFEDYu.jpg
246	Lou Romano	1972-04-15	male	https://image.tmdb.org/t/p/w500/1qOuqRzlp5BghzTkYSN3MsaEXgF.jpg
247	Nancy Olson	1928-07-14	female	https://image.tmdb.org/t/p/w500/AoXxq1zmlQPHiayth7ywDdKtfEj.jpg
248	Toni Collette	1972-11-01	female	https://image.tmdb.org/t/p/w500/zRTQSvtsbRSkJpYlezh6NEhdf4z.jpg
249	Fred MacMurray	1908-08-30	male	https://image.tmdb.org/t/p/w500/lxxixlFMNH0JuA9K0K3mJmigYcc.jpg
250	Vincent D'Onofrio	1959-06-30	male	https://image.tmdb.org/t/p/w500/5js80EIF60a4G1iYAVJgwjFtP89.jpg
251	Cybill Shepherd	1950-02-18	female	https://image.tmdb.org/t/p/w500/nBm4ciBF2s3ynzxHMkcFpmiODgc.jpg
252	Judy Garland	1922-06-10	female	https://image.tmdb.org/t/p/w500/dkhMrLSfnqS3fmxWuXaEMwxN0Tf.jpg
253	James Donald	1917-05-18	male	https://image.tmdb.org/t/p/w500/d7hqBIAaRxfuxMBbynlTta2ODgZ.jpg
254	Daveigh Chase	1990-07-24	female	https://image.tmdb.org/t/p/w500/tZSGbN3mC1LWRgiGG1umb88YqxQ.jpg
255	Lauren Bacall	1924-09-16	female	https://image.tmdb.org/t/p/w500/iCOzbSzCSUC6D9EcyXtVb2FRNu0.jpg
256	Miles Teller	1987-02-20	male	https://image.tmdb.org/t/p/w500/dSleKbSvVmfzb34KzwQPRLxX6XB.jpg
257	Michael Gambon	1940-10-19	male	https://image.tmdb.org/t/p/w500/blSvhjedLYFh0JrLPuOmHG1sjUu.jpg
258	Lou Antonio	1934-01-23	male	https://image.tmdb.org/t/p/w500/haFl4RA0SBghwq7uf9qpF3jbqRj.jpg
259	James Rebhorn	1948-09-01	male	https://image.tmdb.org/t/p/w500/jRdR3q28gTPQU6eWRgiIqzGuMKU.jpg
260	James Woods	1947-04-18	male	https://image.tmdb.org/t/p/w500/gKGcAjMiy5LZlSXHt5Jn8DlIvYX.jpg
261	Molly Picon	1898-06-01	female	https://image.tmdb.org/t/p/w500/yTI5UBeIcWiDAy6S4psb0lnK7fM.jpg
262	Boyd Holbrook	1981-09-01	male	https://image.tmdb.org/t/p/w500/531YOKa2usleWCA55t6Db4MZhT3.jpg
263	Ryan Gosling	1980-11-12	male	https://image.tmdb.org/t/p/w500/lyUyVARQKhGxaxy0FbPJCQRpiaW.jpg
264	Bob Gunton	1945-11-15	male	https://image.tmdb.org/t/p/w500/ulbVvuBToBN3aCGcV028hwO0MOP.jpg
265	Ruth Warrick	1915-06-29	female	https://image.tmdb.org/t/p/w500/rR1DouGmWeJl3tZ1rTEV9H2quzd.jpg
266	Gabrielle Anwar	1970-02-04	female	https://image.tmdb.org/t/p/w500/v0zVLAM7kv7ZP0j95HWfNPr1fvp.jpg
267	Talia Shire	1946-04-25	female	https://image.tmdb.org/t/p/w500/xvJ47wKL5zpwFXFFNZQmFmf7i9F.jpg
268	Marisa Berenson	1947-02-15	female	https://image.tmdb.org/t/p/w500/qF2AIKo7cYrIFXPwW7qlFEtOeE2.jpg
269	Daniel Mays	1978-03-31	male	https://image.tmdb.org/t/p/w500/2qmA5mXnhA7Nelu2BTbJTvzq35u.jpg
270	Tony Curtis	1925-06-03	male	https://image.tmdb.org/t/p/w500/4aSmN9M4BbFJbNaMSnjGJHffehQ.jpg
271	Roscoe Karns	1891-09-07	male	https://image.tmdb.org/t/p/w500/uglIhGytbfyGhppGxn1ed1wQpw0.jpg
272	Debbie Reynolds	1932-04-01	female	https://image.tmdb.org/t/p/w500/z5naigs3CDthHEX7qrfHnAsAEYO.jpg
273	John Cleese	1939-10-27	male	https://image.tmdb.org/t/p/w500/kg63gNYQtGPi2fSNIvCnVAclCbi.jpg
274	Mia Farrow	1945-02-09	female	https://image.tmdb.org/t/p/w500/omIlM58MnMmDBSqluXkPAgi3gIp.jpg
275	Eleanor Parker	1922-06-26	female	https://image.tmdb.org/t/p/w500/6DaMZRysE4P1suVteacZTWKPzcC.jpg
276	Jack Hawkins	1910-09-14	male	https://image.tmdb.org/t/p/w500/6NrHJxvChHawGlp0jRNZwpuiW4X.jpg
277	Bonnie Bedelia	1948-03-25	female	https://image.tmdb.org/t/p/w500/c8ou1b6MHAFYXv49LmKFBnHIozt.jpg
278	Jake Johnson	1978-05-28	male	https://image.tmdb.org/t/p/w500/sNu1D1pNUDtw6zXCnDdEsndLys.jpg
279	Daniel Brühl	1978-06-16	male	https://image.tmdb.org/t/p/w500/yaSULfePwytkw845KKiz4bbLK48.jpg
280	George Segal	1934-02-13	male	https://image.tmdb.org/t/p/w500/oUUcGtlQYC0HMI3yMmO713kDdGT.jpg
281	Lee J. Cobb	1911-12-08	male	https://image.tmdb.org/t/p/w500/coJZ8923R8eWTAS2EVZe90zf0Ja.jpg
282	Willem Dafoe	1955-07-22	male	https://image.tmdb.org/t/p/w500/kX7P78zqsjxj87SiAYzknzJQ3wr.jpg
283	Thelma Ritter	1905-02-14	female	https://image.tmdb.org/t/p/w500/6gZKUPYiAr5FJWPiR9SvSnt2Ijj.jpg
284	Laurence Fishburne	1961-07-30	male	https://image.tmdb.org/t/p/w500/7XP72qzAjbIFikZIpXroLbSS8Cy.jpg
285	Porter Hall	1888-09-19	male	https://image.tmdb.org/t/p/w500/8VObqTCOljxeyfVWaIthtEbw4lm.jpg
286	John Carradine	1906-02-05	male	https://image.tmdb.org/t/p/w500/cUlQO0vGGFoF3VZjzok8U276exY.jpg
287	Richard Kind	1956-11-22	male	https://image.tmdb.org/t/p/w500/yWmuVQeQUzb5OSMVDoWkR0IylCK.jpg
288	Wesley Addy	1913-08-04	male	https://image.tmdb.org/t/p/w500/j0DmXhowoVNXR21jQy9QhTD8BOz.jpg
289	Mackenzie Foy	2000-11-10	female	https://image.tmdb.org/t/p/w500/u6Dt9C6VwWt4kRTGEcr3p2shxgt.jpg
290	Edward James Olmos	1947-02-24	male	https://image.tmdb.org/t/p/w500/7B9ftnaVM4Lj3nq8sOE5IlVbySH.jpg
291	Chris Elliott	1960-05-31	male	https://image.tmdb.org/t/p/w500/oQ4ZuOGoZ5dPDiLxri6ZPQLewAU.jpg
292	Kevin Spacey	1959-07-26	male	https://image.tmdb.org/t/p/w500/dlVRkUYKyZdJ39AN55cY1LoyXAP.jpg
293	Jonah Hill	1983-12-20	male	https://image.tmdb.org/t/p/w500/w5qHu8T7gy5CFvPhXMW7Gl3UY3D.jpg
294	Ewan McGregor	1971-03-31	male	https://image.tmdb.org/t/p/w500/aEmyadfRXTmmR7UW7OXsm5a6smS.jpg
295	Bee Vang	1991-11-04	male	https://image.tmdb.org/t/p/w500/n0B11nUWSPJjPUdY9JNmGfjULnt.jpg
296	Richard Dreyfuss	1947-10-29	male	https://image.tmdb.org/t/p/w500/q2BPu6zWwFtnzQfpl4fgbKqURXM.jpg
297	Josh Brolin	1968-02-12	male	https://image.tmdb.org/t/p/w500/2WGHZaU5FUUKOgRNp23fgOfKSzU.jpg
298	Vivien Leigh	1913-11-05	female	https://image.tmdb.org/t/p/w500/78AgVATSNYJdxzjOsU7nmJ7uTSP.jpg
299	Gene Hackman	1930-01-30	male	https://image.tmdb.org/t/p/w500/xPmETCv0APDoIK5CvIIJwbTcjPA.jpg
300	Ben Johnson	1918-06-13	male	https://image.tmdb.org/t/p/w500/kmRxXHC2E3WtR6aW78oCb2HzZSN.jpg
301	Bill Murray	1950-09-21	male	https://image.tmdb.org/t/p/w500/cA3ncPFv1oFZYx4AaiQDbHSDy9e.jpg
302	Jonny Lee Miller	1972-11-15	male	https://image.tmdb.org/t/p/w500/2f2mfib6TdGOjMd9jQl2NUruVMu.jpg
303	Mathieu Amalric	1965-10-25	male	https://image.tmdb.org/t/p/w500/mKQxX0dJC0olwaZ0G1816CcDCf6.jpg
304	Tony Roberts	1939-10-22	male	https://image.tmdb.org/t/p/w500/jWFr0V9zwg4DF2Ya9AmUQARottN.jpg
305	Madeline Kahn	1942-09-29	female	https://image.tmdb.org/t/p/w500/gkJiblIpFJ6Tlz5JmsRZsjvHeh6.jpg
306	Jared Leto	1971-12-26	male	https://image.tmdb.org/t/p/w500/i6zIpHiKBnaHtacJU6qgeoDjiw1.jpg
307	Sean Connery	1930-08-25	male	https://image.tmdb.org/t/p/w500/cd0zKpYJ6eSutkrZkLFxQCGjhnF.jpg
308	Sidney Blackmer	1895-07-13	male	https://image.tmdb.org/t/p/w500/6LY3TS7KBQUuG6sWxBRcNLFVwwD.jpg
309	Jean Reno	1948-07-30	male	https://image.tmdb.org/t/p/w500/q7dYamebioHRuvb9EWeSw8yTEfS.jpg
310	Daryl Hannah	1960-12-03	female	https://image.tmdb.org/t/p/w500/4Wn3bsHa7Js7mYX0iehYN7BuHOi.jpg
311	Christopher Lloyd	1938-10-22	male	https://image.tmdb.org/t/p/w500/ntErUccmwanFRWtNq79xnpg7B9W.jpg
312	Sally Kirkland	1941-10-31	female	https://image.tmdb.org/t/p/w500/bAjUA08z6k8FZ3bu5QWcMWWVdMQ.jpg
313	Vinnie Jones	1965-01-05	male	https://image.tmdb.org/t/p/w500/qPoNkKWGYl9EosP4l63tS8Yp7tV.jpg
314	Hailee Steinfeld	1996-12-11	female	https://image.tmdb.org/t/p/w500/ec84nQSQYfrfgale6Nw1YxENxg.jpg
315	Emma Stone	1988-11-06	female	https://image.tmdb.org/t/p/w500/elDuP7PNuJTT0nmhzJz4jcrVR1R.jpg
316	Katie Holmes	1978-12-18	female	https://image.tmdb.org/t/p/w500/bBsYUKQrLw0Tajow088Xegk3Yij.jpg
317	Jim Farley	1882-01-08	male	https://image.tmdb.org/t/p/w500/fNM5KM1PeDxGIkHffFqXB09i7HW.jpg
318	Dean Stockwell	1936-03-05	male	https://image.tmdb.org/t/p/w500/gdHo8LNElMf1XxoRYgi0UUzbJuB.jpg
319	Ricky Nelson	1940-05-08	male	https://image.tmdb.org/t/p/w500/iV49nm6JthHK9PRMXKhamnrbGjy.jpg
320	Jon Bernthal	1977-09-20	male	https://image.tmdb.org/t/p/w500/ht1aCYH4q6MB6A12Szf7IfP72Fb.jpg
321	Jennifer Morrison	1979-04-12	female	https://image.tmdb.org/t/p/w500/rZyw2K22rN9BgxP5FBclfr9uMcc.jpg
322	Chiwetel Ejiofor	1977-07-10	male	https://image.tmdb.org/t/p/w500/kq5DDnqqofoRI0t6ddtRlsJnNPT.jpg
323	John Hillerman	1932-12-20	male	https://image.tmdb.org/t/p/w500/sZ44pzr7OJrdxGfsGjTMavFCW2K.jpg
324	Annette Bening	1958-05-29	female	https://image.tmdb.org/t/p/w500/vVAvoiE6FQ4couqaB0ogaHR6Ef7.jpg
325	Kristen Wiig	1973-08-22	female	https://image.tmdb.org/t/p/w500/oddvykQHx71hEZlvKinCzB3Vcfh.jpg
326	James Cosmo	1948-05-24	male	https://image.tmdb.org/t/p/w500/uFyivAeeG3h8Gt5a99ACRC44vZL.jpg
327	Tom Skerritt	1933-08-25	male	https://image.tmdb.org/t/p/w500/bxjKb9wBJ7lQKqIW9GDnxUzs6Ks.jpg
328	Stephen Baldwin	1966-05-12	male	https://image.tmdb.org/t/p/w500/w2nZjBsEsjboQDZJXEkysuGgue4.jpg
329	Elizabeth McGovern	1961-07-18	female	https://image.tmdb.org/t/p/w500/yYSTRAchk32WuUtSgPXResz4bt6.jpg
330	Jean-Marc Barr	1960-09-27	male	https://image.tmdb.org/t/p/w500/ukdhuHD2vqBr5NKMiTQ52KRF75w.jpg
331	Orson Welles	1915-05-06	male	https://image.tmdb.org/t/p/w500/c5wKlmD001cQAqJjvDbVOTVeAyV.jpg
332	Scott Weinger	1975-10-05	male	https://image.tmdb.org/t/p/w500/oQavRbyJhtCyW4uTX5hLjvqXow1.jpg
333	Richard Burton	1925-11-10	male	https://image.tmdb.org/t/p/w500/h7CBGbWFLqinIM8GgWwhOi3yTsn.jpg
334	Jessie Royce Landis	1904-11-25	female	https://image.tmdb.org/t/p/w500/2s3SklsN2T7Wge79EXw41fDCwvD.jpg
335	Bruce Bennett	1906-05-19	male	https://image.tmdb.org/t/p/w500/70GxHSRcIsgSsTVl0hzjxLEA4s7.jpg
336	Neil Patrick Harris	1973-06-15	male	https://image.tmdb.org/t/p/w500/oyy0Enz4ZX8KYRYihgSgOA18Xc.jpg
337	Jason Bateman	1969-01-14	male	https://image.tmdb.org/t/p/w500/8e6mt0vGjPo6eW52gqRuXy5YnfN.jpg
338	Henry Daniell	1894-03-05	male	https://image.tmdb.org/t/p/w500/8eODn1AnmZZ2OYAQfPVxY7lbQbx.jpg
339	Veronica Cartwright	1949-04-20	female	https://image.tmdb.org/t/p/w500/8s31kdotRrghkH4DkxpRZCmELYd.jpg
340	Laura Dern	1967-02-10	female	https://image.tmdb.org/t/p/w500/2Ryt0SsExqWrLTzBu6sZcbLwoDJ.jpg
341	Matthew Modine	1959-03-22	male	https://image.tmdb.org/t/p/w500/9HqtCIyNh7VxkmCN8B3YEzl4Zps.jpg
342	Ryan O'Neal	1941-04-20	male	https://image.tmdb.org/t/p/w500/mnVALLzfZ7IEJZLzwy2iXz6vEML.jpg
343	Tim Robbins	1958-10-16	male	https://image.tmdb.org/t/p/w500/9DujxnBMVkizaeIyM0eXPMfXxR.jpg
344	Ray Walston	1914-12-02	male	https://image.tmdb.org/t/p/w500/1R8F22MwdWmWr6ZqrW8uGT42N5E.jpg
345	James Garner	1928-04-07	male	https://image.tmdb.org/t/p/w500/fo6n0csrVnloHjP8AbtV3bGSN28.jpg
346	Eli Roth	1972-04-18	male	https://image.tmdb.org/t/p/w500/eHBxgJXeDKiYZMbL3VgAf7i9wor.jpg
347	Woody Allen	1935-12-01	male	https://image.tmdb.org/t/p/w500/t6RBHxD32bxoePKOHoW7iTyJk1u.jpg
348	Will Smith	1968-09-25	male	https://image.tmdb.org/t/p/w500/eze9FO9VuryXLP0aF2cRqPCcibN.jpg
349	Anthony Gonzalez	2005-03-15	male	https://image.tmdb.org/t/p/w500/3SfBmj35OfL8eVIQt9nTixWqVJH.jpg
350	Robert De Niro	1943-08-17	male	https://image.tmdb.org/t/p/w500/lvTSwUcvJRLAJ2FB5qFaukel516.jpg
351	Daniel Day-Lewis	1957-04-29	male	https://image.tmdb.org/t/p/w500/3kNA9VcmymoEwT0btQ4bvMYxzcP.jpg
352	Caleb Landry Jones	1989-12-07	male	https://image.tmdb.org/t/p/w500/xPbW8eH5SjtEzfZaFuLCrdpGnku.jpg
353	Louis Wolheim	1880-03-27	male	https://image.tmdb.org/t/p/w500/unc3IbI5KSZDVRS7o7x6aS8T26e.jpg
354	Ed Stoppard	1974-09-16	male	https://image.tmdb.org/t/p/w500/kulqaGMqFhFpnj7QvQxCOHTzrc1.jpg
355	Stephen Tobolowsky	1951-05-30	male	https://image.tmdb.org/t/p/w500/4GNQJVEcU4V8AGVMXKM5FVOuW8h.jpg
356	Caroline Goodall	1959-11-13	female	https://image.tmdb.org/t/p/w500/8tsJrfqyTKxzMdWgz74fy5PEQFN.jpg
357	Buster Keaton	1895-10-04	male	https://image.tmdb.org/t/p/w500/kEybBFkO5AX83o3WKyNDfuvfVrn.jpg
358	Hardy Krüger	1928-04-12	male	https://image.tmdb.org/t/p/w500/mCAYIY4DDIaYnCEoGdRL7t1sw4Z.jpg
359	Joan Allen	1956-08-20	female	https://image.tmdb.org/t/p/w500/rj5z0dL9aBuYNs7WyQEkEAYJMvI.jpg
360	Thomas Mitchell	1892-07-11	male	https://image.tmdb.org/t/p/w500/uOhcftGVj7tPrCKBYHYtYPlQKUP.jpg
361	John Bach	1946-06-05	male	https://image.tmdb.org/t/p/w500/i2x70Kj5Qi38PHB80LJSMjgRr6n.jpg
362	Donna Reed	1921-01-27	female	https://image.tmdb.org/t/p/w500/l5Djv58sAIA5ODWI4FwYGp8CrkU.jpg
363	Vera Miles	1929-08-23	female	https://image.tmdb.org/t/p/w500/chZhoLoGFZVyNCI5zYmLSQ0ta9T.jpg
364	Kevin McKidd	1973-08-09	male	https://image.tmdb.org/t/p/w500/KtmEKOSehmQ35JfGjEjpqlypbP.jpg
365	Gael García Bernal	1978-11-30	male	https://image.tmdb.org/t/p/w500/t6LMmBGQdY8VxdUDzLj28GRSjCt.jpg
366	Michael Keaton	1951-09-05	male	https://image.tmdb.org/t/p/w500/myVdrYNGTgqunLfUSaM8DuVD7DL.jpg
367	Anthony Perkins	1932-04-04	male	https://image.tmdb.org/t/p/w500/lRwJZy8lTKEXpTOlHkyqIQpeyMJ.jpg
368	Victor Buono	1938-02-03	male	https://image.tmdb.org/t/p/w500/hDdP7PPTprwmN3iQrDUmwuNhtnm.jpg
369	Arnold Lucy	1865-08-08	male	https://image.tmdb.org/t/p/w500/jtIFDhtIzckMcbfHpSbU50tIw5.jpg
370	Kim Novak	1933-02-13	female	https://image.tmdb.org/t/p/w500/xvIOwqOD1BXkpFZEwzkb6aamaEL.jpg
371	Elijah Wood	1981-01-28	male	https://image.tmdb.org/t/p/w500/ayARmqAe9Aab1zg6FjJG0u9MEBo.jpg
372	Adam Driver	1983-11-19	male	https://image.tmdb.org/t/p/w500/rsjwgpV2OukxOJ9HEiEyf4qu1vR.jpg
373	Jason Schwartzman	1980-06-26	male	https://image.tmdb.org/t/p/w500/gCjMdmW1DiPAClHVl4zHEIffIsE.jpg
374	Catherine O'Hara	1954-03-04	female	https://image.tmdb.org/t/p/w500/cMBxHeztNVc8YXKcj084Mdd3f3U.jpg
375	Dean Martin	1917-06-07	male	https://image.tmdb.org/t/p/w500/lMWkTDKPsDVS3DiMUNkTLLjm3f5.jpg
376	Elsa Lanchester	1902-10-28	female	https://image.tmdb.org/t/p/w500/jek9jcqODZGWnmcMm7ynkSaLSWb.jpg
377	Peter Stormare	1953-08-27	male	https://image.tmdb.org/t/p/w500/q28auzak1QtzmZytMigaGC5XsTV.jpg
378	Dustin Hoffman	1937-08-08	male	https://image.tmdb.org/t/p/w500/TAE5upT1b2mM9RmnEz7UZLZK6z.jpg
379	Julia Stiles	1981-03-28	female	https://image.tmdb.org/t/p/w500/zPE9HjxYZ3UwPkCQ5K0wJqG99Tg.jpg
380	Leonardo DiCaprio	1974-11-11	male	https://image.tmdb.org/t/p/w500/wo2hJpn04vbtmh0B9utCFdsQhxM.jpg
381	James Cagney	1899-07-17	male	https://image.tmdb.org/t/p/w500/kcFPx9Xq63AUZ83zMoqqs8Zjrcj.jpg
382	Sean Bridgers	1968-03-15	male	https://image.tmdb.org/t/p/w500/lG8vV5g49RML5WkaN6Mb3GnLgge.jpg
383	David Strathairn	1949-01-26	male	https://image.tmdb.org/t/p/w500/fhkvTcrCDPTAclTnE7sqQS1NZKq.jpg
384	Uma Thurman	1970-04-29	female	https://image.tmdb.org/t/p/w500/xuxgPXyv6KjUHIM8cZaxx4ry25L.jpg
385	Irene Papas	1926-09-03	female	https://image.tmdb.org/t/p/w500/ql3alLBiMWv6AkV0izHbXfpgcau.jpg
386	Billy Crystal	1948-03-14	male	https://image.tmdb.org/t/p/w500/h0oLtVvzpmcV6j6a7bP4V7WkiGW.jpg
387	Judith Anderson	1897-02-10	female	https://image.tmdb.org/t/p/w500/jM9N7UNjj4Yo36s5tLP6PTcpY56.jpg
388	Edward Norton	1969-08-18	male	https://image.tmdb.org/t/p/w500/5XBzD5WuTyVQZeS4VI25z2moMeY.jpg
389	Billy Bob Thornton	1955-08-04	male	https://image.tmdb.org/t/p/w500/xZB02cDag13fViKrYOhgq5FX5As.jpg
390	Tim Allen	1953-06-13	male	https://image.tmdb.org/t/p/w500/84VfGVV4A9C6Rb0pgsCvxSVqnX.jpg
391	Lillian Gish	1893-10-14	female	https://image.tmdb.org/t/p/w500/6DCWtvv654sc8p2OPnxGbKvl2qC.jpg
392	Kirk Douglas	1916-12-09	male	https://image.tmdb.org/t/p/w500/tsuLHw2TD8EtvIAEgYQu9l2kQkC.jpg
393	Margaret Sullavan	1909-05-16	female	https://image.tmdb.org/t/p/w500/8DAArOiIWxsCNmFQJVof2btqEEK.jpg
394	John Huston	1906-08-05	male	https://image.tmdb.org/t/p/w500/1YV2m0943zGmgQaHHgtFuQhOEKl.jpg
395	Woody Harrelson	1961-07-23	male	https://image.tmdb.org/t/p/w500/gaibtvUFIlwHzRvNKV5UfrR4GCM.jpg
396	John Gielgud	1904-04-14	male	https://image.tmdb.org/t/p/w500/6fc6DttFx30N5e17jRiA9OEnjNV.jpg
397	Chris O'Donnell	1970-06-26	male	https://image.tmdb.org/t/p/w500/4xRybq4hAqsm55dGNTlS7QUnqkr.jpg
398	Amy Poehler	1971-09-16	female	https://image.tmdb.org/t/p/w500/k62oL10bNtPShjtHuLlKllwxva9.jpg
399	Ronald Lacey	1935-09-28	male	https://image.tmdb.org/t/p/w500/mHWfZjEevMaIqjcyrrnFKFRUHV6.jpg
400	Samuel L. Jackson	1948-12-21	male	https://image.tmdb.org/t/p/w500/mXN4Gw9tZJVKrLJHde2IcUHmV3P.jpg
401	Mark Boone Junior	1955-03-17	male	https://image.tmdb.org/t/p/w500/bXxhmBB9scA5j126UKvE6kSvdCC.jpg
402	Jaden Smith	1998-07-08	male	https://image.tmdb.org/t/p/w500/meraACSN0LYwLeZlaXN9YW6JCZT.jpg
403	George Raft	1895-09-26	male	https://image.tmdb.org/t/p/w500/fuKfrJHsCW3dvCPN8M0BjZ4DdPk.jpg
404	Anne Baxter	1923-05-07	female	https://image.tmdb.org/t/p/w500/mUMKB7ZGzHJ38LpDWnA4VheIGBB.jpg
405	Craig Ferguson	1962-05-17	male	https://image.tmdb.org/t/p/w500/sN9x6gELldBvQ9cuRUBSLl8MVf8.jpg
406	Stephen Fry	1957-08-24	male	https://image.tmdb.org/t/p/w500/xeheTDmmQDFYaKxEHmyxbjrte4G.jpg
407	Christian Bale	1974-01-30	male	https://image.tmdb.org/t/p/w500/2ocrTd8ChuUyJOzMuD4PsQw8eCB.jpg
408	Lew Ayres	1908-12-28	male	https://image.tmdb.org/t/p/w500/rXT2hHyiQV3Ufb8tHD2iyoCabPC.jpg
409	Frances Conroy	1953-11-13	female	https://image.tmdb.org/t/p/w500/aJRQAkO24L6bH8qkkE5Iv1nA3gf.jpg
410	Andie MacDowell	1958-04-21	female	https://image.tmdb.org/t/p/w500/xq68QEPBJVu6kwDa4sEQ1HvSlMK.jpg
411	Danny Lloyd	1973-01-01	male	https://image.tmdb.org/t/p/w500/duQylKG2ropbmvhRfBeXymmuUbM.jpg
412	Lucy Liu	1968-12-02	female	https://image.tmdb.org/t/p/w500/9nbtjqsx3De7hO2XDtrBQ7M9VCH.jpg
413	Lee Marvin	1924-02-19	male	https://image.tmdb.org/t/p/w500/GnjQwdu8kGCF1dLcQSQ4w0Ij6T.jpg
414	Gerard Butler	1969-11-13	male	https://image.tmdb.org/t/p/w500/1vRHSuQtLEUAXqKO3l1mjUxd4j4.jpg
415	Joan Greenwood	1921-03-04	female	https://image.tmdb.org/t/p/w500/dQw8PW2f7XpVntyFFKoj28RBeXW.jpg
416	Joe Pesci	1943-02-09	male	https://image.tmdb.org/t/p/w500/iX8b8KL8cezzxw1FnH978h9ob48.jpg
417	Malcolm McDowell	1943-06-13	male	https://image.tmdb.org/t/p/w500/hL8ep4Hqj6izX7IlzE7Bbcfq62w.jpg
418	Jordan Nagai	2000-02-05	male	https://image.tmdb.org/t/p/w500/8UjtI2fYUTXFzqEGc7rDAgFiAm7.jpg
419	Jay Baruchel	1982-04-09	male	https://image.tmdb.org/t/p/w500/hTg6RJMxpxcsYzmdre81TznDATZ.jpg
420	Frank Morgan	1890-06-01	male	https://image.tmdb.org/t/p/w500/vSCvrwFacSTPxxUFf94s3vTH5kA.jpg
421	Richard Widmark	1914-12-26	male	https://image.tmdb.org/t/p/w500/tKtQMe37U9GTFOzSh0Qx5QSDK0E.jpg
422	Edward Furlong	1977-08-02	male	https://image.tmdb.org/t/p/w500/e221dMIBgb6Lk092GIkHB9ohQF1.jpg
423	Sigourney Weaver	1949-10-08	female	https://image.tmdb.org/t/p/w500/ukaLqyGZlMUDcvrhj6jkV16Zgsx.jpg
424	Robert Cummings	1910-06-10	male	https://image.tmdb.org/t/p/w500/opnAIsyGG8Tgnr0KyrmHJxkFSxX.jpg
425	Peter Finch	1916-09-27	male	https://image.tmdb.org/t/p/w500/1Rku0aVOGNP4LPPjPaesKCqynp7.jpg
426	Vivica A. Fox	1964-07-30	female	https://image.tmdb.org/t/p/w500/rTxble6xvCSEOP2s7Qm2svu92HH.jpg
427	Victor Argo	1934-11-05	male	https://image.tmdb.org/t/p/w500/jECzBVSnzqUxLXSuscEpVFPxFxm.jpg
428	Wilford Brimley	1934-09-27	male	https://image.tmdb.org/t/p/w500/s5INslkbZtJ4AGnx20mcYrSBsmn.jpg
429	Matthew Broderick	1962-03-21	male	https://image.tmdb.org/t/p/w500/7UDEPP3ktta18IpKA33CO2oZ7Up.jpg
430	Jeff Garlin	1962-06-05	male	https://image.tmdb.org/t/p/w500/fFvztxQKPDaFF6OQgaxIRHgGe2i.jpg
431	Celeste Holm	1917-04-29	female	https://image.tmdb.org/t/p/w500/xAiiBhvo3nHSCMcLfWQs2JNlVwh.jpg
432	Valeria Golino	1965-10-22	female	https://image.tmdb.org/t/p/w500/6UmnZGoZkmqMrkTY1roIkCzB4rn.jpg
433	Keir Dullea	1936-05-30	male	https://image.tmdb.org/t/p/w500/dL9i0nCk2fCgInZNaYVjGck2IBp.jpg
434	Jim Carrey	1962-01-17	male	https://image.tmdb.org/t/p/w500/ienbErTKd9RHCV1j7FJLNEWUAzn.jpg
435	Barry Pepper	1970-04-04	male	https://image.tmdb.org/t/p/w500/9Smb1ZwNejsftWsV8k8DahcH3KU.jpg
436	John Wayne	1907-05-26	male	https://image.tmdb.org/t/p/w500/6aHk46tRRX1gQPJ0QsQ2z1fV9aC.jpg
437	Keanu Reeves	1964-09-02	male	https://image.tmdb.org/t/p/w500/bOlYWhVuOiU6azC4Bw6zlXZ5QTC.jpg
438	Julie Andrews	1935-10-01	female	https://image.tmdb.org/t/p/w500/yQ0J92DMiLtQYoytLJ6CuBkdeN0.jpg
439	Arthur O'Connell	1908-03-29	male	https://image.tmdb.org/t/p/w500/wjhhpfICbe7NtbFLO7Uyrye06HP.jpg
440	Thora Birch	1982-03-11	female	https://image.tmdb.org/t/p/w500/wtJp5fFd8KT6bb25PvfGN1yO17d.jpg
441	Mandy Patinkin	1952-11-30	male	https://image.tmdb.org/t/p/w500/1PeZ6roZvkcoyZZbvoSIWTgGe3a.jpg
442	Stanley Holloway	1890-10-01	male	https://image.tmdb.org/t/p/w500/7ifTxk7gUmxTxQByIDrjbVOBAJi.jpg
443	Max von Sydow	1929-04-10	male	https://image.tmdb.org/t/p/w500/fOzSDFqMx84NR7PSv36P7j0Qf1q.jpg
444	Guy Pearce	1967-10-05	male	https://image.tmdb.org/t/p/w500/vTqk6Nh3WgqPubkS23eOlMAwmwa.jpg
445	Haley Joel Osment	1988-04-10	male	https://image.tmdb.org/t/p/w500/mN19FpQ6ZNwhFhaL6FWQhpUdmln.jpg
446	Bert Lahr	1895-08-13	male	https://image.tmdb.org/t/p/w500/3yAOM7NNlxxbIAErFgoPEBJEB9T.jpg
447	Topol	1935-09-09	male	https://image.tmdb.org/t/p/w500/5fjx2eSiQPJYTWOcnwb7QPZ3IUB.jpg
448	Gloria Swanson	1899-03-27	female	https://image.tmdb.org/t/p/w500/akmlp75ESHjtGOVtOCfJYxkX4eo.jpg
449	John Gavin	1931-04-08	male	https://image.tmdb.org/t/p/w500/5zgJoiBHK9Y3AfiE1OAPZqPvzVw.jpg
450	Erich von Stroheim	1885-09-22	male	https://image.tmdb.org/t/p/w500/v0DY16kMSMAqIdI3yYSRGYiz37c.jpg
451	Rowan Atkinson	1955-01-06	male	https://image.tmdb.org/t/p/w500/wxTgS4SFanVKbnvu9xqOzNJWJwz.jpg
452	Charles Laughton	1899-07-01	male	https://image.tmdb.org/t/p/w500/uRjU0xwv87A7ZEIX4GS38Xw0W2v.jpg
453	David Morse	1953-10-11	male	https://image.tmdb.org/t/p/w500/3YeyORYXfhIOEDtfUbrkMF9qEjf.jpg
454	Rodney A. Grant	1959-03-09	male	https://image.tmdb.org/t/p/w500/l4FiVA1ddPI8SohmB01UP9avexw.jpg
455	Linda Cardellini	1975-06-25	female	https://image.tmdb.org/t/p/w500/uzOb0qyqYlyPD7ZQx3Du4M3zPWf.jpg
456	Jason Statham	1967-07-26	male	https://image.tmdb.org/t/p/w500/lldeQ91GwIVff43JBrpdbAAeYWj.jpg
457	Thandie Newton	1972-11-06	female	https://image.tmdb.org/t/p/w500/hZQLvxj7nV7pBrRyWTvWVz1CDi8.jpg
458	William Holden	1918-04-17	male	https://image.tmdb.org/t/p/w500/yx5LpyKzCc4H52mFjybrPTuwKPM.jpg
459	Walter Huston	1883-04-05	male	https://image.tmdb.org/t/p/w500/zbuPnuQ6v15k8Zk4LmnXMtWeAfd.jpg
460	Edmond O'Brien	1915-09-10	male	https://image.tmdb.org/t/p/w500/6qHu8P9ZEJ8zm7TCCvZmyrBx83T.jpg
461	Piper Perabo	1976-10-31	female	https://image.tmdb.org/t/p/w500/qUGJyveJwYNX5Ejf93amzO0yi8Z.jpg
462	Richard Attenborough	1923-08-29	male	https://image.tmdb.org/t/p/w500/bU0o3g5rbpzRkJ5bGowekGvfiHw.jpg
463	Timothy Bottoms	1951-08-30	male	https://image.tmdb.org/t/p/w500/qF99X2tCETDjqV9msKsp7CA6usC.jpg
464	Michael Bates	1920-12-04	male	https://image.tmdb.org/t/p/w500/53ciikCHIcr1thlDFvQtzNNbFAd.jpg
465	David Clennon	1943-05-10	male	https://image.tmdb.org/t/p/w500/p8TcS7O7xtCCW8MlnalFiwZomkX.jpg
466	Eddie Albert	1906-04-22	male	https://image.tmdb.org/t/p/w500/2xFo1VrdSxz3dDSnirQVH54t1aY.jpg
467	Danny Aiello	1933-06-20	male	https://image.tmdb.org/t/p/w500/oKFnRJr2YfMW36YVwcWXwd7Kelq.jpg
468	Milo Gibson	1980-11-16	male	https://image.tmdb.org/t/p/w500/8qauWfMZUewZKpVuU6jXUpAnXRQ.jpg
469	Mary McDonnell	1952-04-28	female	https://image.tmdb.org/t/p/w500/xN4bALzSYwFm1MkdgqGV64MhUto.jpg
470	Keira Knightley	1985-03-26	female	https://image.tmdb.org/t/p/w500/8GaYprIb8GlljllLnZtQyIZ7thU.jpg
471	Tom Cruise	1962-07-03	male	https://image.tmdb.org/t/p/w500/s9QuHNTJf8P8xTtw3JcaKJMa3uo.jpg
472	Jennifer Connelly	1970-12-12	female	https://image.tmdb.org/t/p/w500/wdmcJagSRJ65AuJ4IUCzuHAdvgy.jpg
473	Carrie Henn	1976-05-07	female	https://image.tmdb.org/t/p/w500/pQezLMMjYw6k2sQKmsNbWNcGgHx.jpg
474	Roy Scheider	1932-11-10	male	https://image.tmdb.org/t/p/w500/yyZ0DwUz3qAelJIUGVoOktGgMIh.jpg
475	Michael Madsen	1957-09-25	male	https://image.tmdb.org/t/p/w500/AnQm8pXVbMicr4U0IRsOascthVI.jpg
476	Victor Jory	1902-11-23	male	https://image.tmdb.org/t/p/w500/nCTEVZ6H8nf57MJVwY2Xvl8j2CZ.jpg
477	Jake Gyllenhaal	1980-12-19	male	https://image.tmdb.org/t/p/w500/92sBuFC8tWPG7IqGDJNxysT7tIF.jpg
478	Arnold Schwarzenegger	1947-07-30	male	https://image.tmdb.org/t/p/w500/dgp6aeBeKif0zOEFZDggovsL6Zh.jpg
479	Derek Jacobi	1938-10-22	male	https://image.tmdb.org/t/p/w500/htc4eCYmNlVotcu8AFTbDiLBzsJ.jpg
480	Johnny Depp	1963-06-09	male	https://image.tmdb.org/t/p/w500/kbWValANhZI8rbWZXximXuMN4UN.jpg
481	Carol Kane	1952-06-18	female	https://image.tmdb.org/t/p/w500/4ZPnxUFgUHND5fv6MshT3YRDLmq.jpg
482	George Macready	1899-08-29	male	https://image.tmdb.org/t/p/w500/eP74tyPu3qMVApVN7kSwJfGXBF8.jpg
483	Richard Haydn	1905-03-10	male	https://image.tmdb.org/t/p/w500/7ot3ANjb8ZXk165XRAoxwRZUqRG.jpg
484	Marlon Brando	1924-04-03	male	https://image.tmdb.org/t/p/w500/fuTEPMsBtV1zE98ujPONbKiYDc2.jpg
485	Michael J. Fox	1961-06-09	male	https://image.tmdb.org/t/p/w500/jdHYYovf6ZGEMKnV7niaiHY1MSt.jpg
486	Tim Holt	1919-02-05	male	https://image.tmdb.org/t/p/w500/1p5tgRKkoCOXph5ezQnI4uNl4qO.jpg
487	Mark Hamill	1951-09-25	male	https://image.tmdb.org/t/p/w500/fk8OfdReNltKZqOk2TZgkofCUFq.jpg
488	Patrick Magee	1922-03-31	male	https://image.tmdb.org/t/p/w500/32ReETRLWtjg4eQO1SRhJsn8aSE.jpg
489	Pruitt Taylor Vince	1960-07-05	male	https://image.tmdb.org/t/p/w500/jqC1v8tF92QcmkQycnaLSuJiQfl.jpg
490	Brie Larson	1989-10-01	female	https://image.tmdb.org/t/p/w500/80DH2zWgZiXHehH7TLe6HKDldyl.jpg
491	Daniel Radcliffe	1989-07-23	male	https://image.tmdb.org/t/p/w500/1XdM9LROLWnZrjXyRhf0jq0kJ3y.jpg
492	Claude Rains	1889-11-10	male	https://image.tmdb.org/t/p/w500/l8di3lovLqcJQ8gbHKJltQk5KvD.jpg
493	Robert Shaw	1927-08-09	male	https://image.tmdb.org/t/p/w500/bU4IJ4J1mgrriRTdQ4BOemoHvtt.jpg
494	Matthew McConaughey	1969-11-04	male	https://image.tmdb.org/t/p/w500/wJiGedOCZhwMx9DezY8uwbNxmAY.jpg
495	Julie Delpy	1969-12-21	female	https://image.tmdb.org/t/p/w500/rd40f4QpAUUne3hMaUhHrZtcK2c.jpg
496	River Phoenix	1970-08-23	male	https://image.tmdb.org/t/p/w500/paiEKUSv2ey7hV83D6Aw80NmTOr.jpg
497	Idris Elba	1972-09-06	male	https://image.tmdb.org/t/p/w500/be1bVF7qGX91a6c5WeRPs5pKXln.jpg
498	John Dall	1918-05-26	male	https://image.tmdb.org/t/p/w500/1Auqr14buK15CFhECOWG3TBlUi7.jpg
499	Robin Wright	1966-04-08	female	https://image.tmdb.org/t/p/w500/3IvlZd2PpT3Tuxy8lr6ymWLyoNU.jpg
500	Orlando Bloom	1977-01-13	male	https://image.tmdb.org/t/p/w500/kKWJlX2tcjqceSfUxnV7Jle5Kt.jpg
501	Edward Arnold	1890-02-18	male	https://image.tmdb.org/t/p/w500/x55gibGGm1O3wZQb0mMgpOZ8NLT.jpg
502	Jacob Tremblay	2006-10-05	male	https://image.tmdb.org/t/p/w500/ngQAfH1GuKhnMSOQNm9zo7aWiqO.jpg
503	Rashida Jones	1976-02-25	female	https://image.tmdb.org/t/p/w500/jjp33eRM6oavyesW0UM6XBCxQSa.jpg
504	Jerry O'Connell	1974-02-17	male	https://image.tmdb.org/t/p/w500/4WkOu9MUuPylWv3G5AFEIzvjKSx.jpg
505	Jane Darwell	1879-10-15	female	https://image.tmdb.org/t/p/w500/xWTsj5z2N94OOnimMmUYewQXOIi.jpg
506	Robin Williams	1951-07-21	male	https://image.tmdb.org/t/p/w500/3vypmub75rLItlC51uJUurNYkW0.jpg
507	John Cazale	1935-08-12	male	https://image.tmdb.org/t/p/w500/tRBImYIYk9tuR4fjJc8gHXC8ENj.jpg
508	Jeff Goldblum	1952-10-22	male	https://image.tmdb.org/t/p/w500/m8p62pvkVtPxkfAIJhb5AgGw8kA.jpg
509	Emile Hirsch	1985-03-13	male	https://image.tmdb.org/t/p/w500/NQjX6KjtDDyLnvbxhrU9xQWaYJ.jpg
510	Mahershala Ali	1974-02-16	male	https://image.tmdb.org/t/p/w500/y9mf12rlZBlVJS6JYuCPpjTaLT6.jpg
511	Graham Chapman	1941-01-08	male	https://image.tmdb.org/t/p/w500/qmTXDGNxuuwQ4IGNHwxmCdjuTGk.jpg
512	Ali Astin	1996-11-27	female	https://image.tmdb.org/t/p/w500/wYJEYCaoXTcAGYWVlPKm90P5HwG.jpg
513	Tyler Perry	1969-09-13	male	https://image.tmdb.org/t/p/w500/A7za8TwUw1bazdvgJkdfUYcGCVP.jpg
514	Bruce Allpress	1930-08-25	male	https://image.tmdb.org/t/p/w500/AnqHoiqH2Wy6iTAK5npcz2BZj7C.jpg
515	Nick Nolte	1941-02-08	male	https://image.tmdb.org/t/p/w500/lAPIYYkkQeWPae6Gkk3R6rwIJKp.jpg
516	George MacKay	1992-03-13	male	https://image.tmdb.org/t/p/w500/3igGY57QsdJPTChto3ZBDT9vXTg.jpg
517	Alanna Ubach	1975-10-03	female	https://image.tmdb.org/t/p/w500/scyn2JnkULyrUYeJyAyUiOabzkv.jpg
518	Charles Chaplin	1925-05-05	male	https://image.tmdb.org/t/p/w500/bCkQCG00TpGmuM6NgKyfcMcuhYF.jpg
519	Burl Ives	1909-06-14	male	https://image.tmdb.org/t/p/w500/eyx3PKEsmThQmrtTCpheiUeynCz.jpg
520	Ray Bolger	1904-01-10	male	https://image.tmdb.org/t/p/w500/43GZ1i6m905Q0r0qe99lgUUPX5O.jpg
521	Christopher Plummer	1929-12-13	male	https://image.tmdb.org/t/p/w500/iZh3s9Vy9vYD4DYnAda6C1kdeco.jpg
522	Rex Everhart	1920-06-13	male	https://image.tmdb.org/t/p/w500/piy9veykww6F190AfjAT1T3OssG.jpg
523	Michael Berryman	1948-09-04	male	https://image.tmdb.org/t/p/w500/jnyXbS5NqYdfZyvRUX2PHeKuOg4.jpg
524	Martin Sheen	1940-08-03	male	https://image.tmdb.org/t/p/w500/m2Y3Q0uyuW6htrn2W9UWCWMkpZu.jpg
525	Dennis Farina	1944-02-29	male	https://image.tmdb.org/t/p/w500/4hEWe0ZcDpGlB3nRizLkVMcG13B.jpg
526	Roshan Seth	1942-08-17	male	https://image.tmdb.org/t/p/w500/4TbHkaZxPegaTns250cVXr8F91F.jpg
527	Joseph Cotten	1905-05-15	male	https://image.tmdb.org/t/p/w500/sVtC9bc28Tsv9Dtk70jLE26fexd.jpg
528	John Savage	1949-08-25	male	https://image.tmdb.org/t/p/w500/9gOlQ0P6KkGdIk8h0EYCsbtWIL1.jpg
529	John Cassavetes	1929-12-09	male	https://image.tmdb.org/t/p/w500/dvW9LHWNcgvRLqCom5jhx2T3aIG.jpg
530	Vin Diesel	1967-07-18	male	https://image.tmdb.org/t/p/w500/pDvArVo8MywQifHDP2JErfO8Sat.jpg
531	Crispin Glover	1964-04-20	male	https://image.tmdb.org/t/p/w500/imBnLpSXvg61qDDdEfvL6R4ITKt.jpg
532	Christopher Guest	1948-02-05	male	https://image.tmdb.org/t/p/w500/6CsixXuPyNTPaUtEBqNiXMMcYBF.jpg
533	Angie Dickinson	1931-09-30	female	https://image.tmdb.org/t/p/w500/dSEa8XgEmTfZhOFlMx5RAGdOp25.jpg
534	Julianne Moore	1960-12-03	female	https://image.tmdb.org/t/p/w500/v2FcWGiiuvl6P7NV0966jNL09uh.jpg
535	Mark Arnold	1957-05-23	male	https://image.tmdb.org/t/p/w500/dTfoxBUC6jpZry0ijlS8g4Y5cuS.jpg
536	Sessue Hayakawa	1889-06-10	male	https://image.tmdb.org/t/p/w500/86WeKuinDzwTK3N2QKKs5acfNpk.jpg
537	Sterling Hayden	1916-03-26	male	https://image.tmdb.org/t/p/w500/twzaqv1ymkWYKHFF3kbvwaTIrFO.jpg
538	Jack Nicholson	1937-04-22	male	https://image.tmdb.org/t/p/w500/rmwgMiLjy1QgFCz1TDWDqpO6dq4.jpg
539	Jack Carson	1910-10-27	male	https://image.tmdb.org/t/p/w500/r1HIeyZoJ67iD0uGKQGRgWqfnc6.jpg
540	Audrey Hepburn	1929-05-04	female	https://image.tmdb.org/t/p/w500/hwPHPRz7YqmcRAlvhag5VPeoaoC.jpg
541	Bonnie Hunt	1961-09-22	female	https://image.tmdb.org/t/p/w500/uKAfrFRZYnHFAxw53Jldbs8yIZO.jpg
542	Michael Caine	1933-03-14	male	https://image.tmdb.org/t/p/w500/fx6vcV7iTo2SNywQRPfh6v62wRR.jpg
543	Peter O'Toole	1932-08-02	male	https://image.tmdb.org/t/p/w500/bk2AIN5yjqkthDUxUH0Q4U2ekRH.jpg
544	Sam Neill	1947-09-14	male	https://image.tmdb.org/t/p/w500/lTKvnzwdKrgH7ZYlslFvNQfSeFs.jpg
545	Perry Lopez	1929-07-22	male	https://image.tmdb.org/t/p/w500/eOypJcorslBGIENQuGkeiTJF2oG.jpg
546	R. Lee Ermey	1944-03-24	male	https://image.tmdb.org/t/p/w500/zLYTdLpgvxkIp8CFFoUz6WLCdCG.jpg
547	Marty Feldman	1933-07-08	male	https://image.tmdb.org/t/p/w500/jefjQwWMvgg2lDM3gvF8axrAcLO.jpg
548	Dean-Charles Chapman	1997-09-07	male	https://image.tmdb.org/t/p/w500/A3UGnYH7ESTBwEjWBFev7MhvBsB.jpg
549	Michelle Pfeiffer	1958-04-29	female	https://image.tmdb.org/t/p/w500/iZ3ytKkDoM3lHG6mlbvxSqOctmE.jpg
550	Shirley MacLaine	1934-04-24	female	https://image.tmdb.org/t/p/w500/mpW9c34IAFPW0ODuKR8J0FAqN5i.jpg
551	T.K. Carter	1956-12-18	male	https://image.tmdb.org/t/p/w500/rqlDLtg8USZsO07VEiYQpQyjyA2.jpg
552	Bill Hader	1978-06-07	male	https://image.tmdb.org/t/p/w500/8LiP5wHNq3QpwoARquhkGcPSgjM.jpg
553	John Fiedler	1925-02-03	male	https://image.tmdb.org/t/p/w500/6vfLLGeGuO6Ko0VRnyhgE2v6RUu.jpg
554	Frank Vincent	1939-08-04	male	https://image.tmdb.org/t/p/w500/fa1gikNsPKvX1roWUo2bBmixnvp.jpg
555	James Cromwell	1940-01-27	male	https://image.tmdb.org/t/p/w500/hChfG7OjA6dSKoSLj15XTV0MNwu.jpg
556	Andrew Garfield	1983-08-20	male	https://image.tmdb.org/t/p/w500/beO5YvbTjrr5yy8hW26KVDMSr35.jpg
557	Michael Biehn	1956-07-31	male	https://image.tmdb.org/t/p/w500/4FH0jVnPdTEqTBSYTtkZZN3o33k.jpg
558	Sean Astin	1971-02-25	male	https://image.tmdb.org/t/p/w500/j7ufzsiGkUck6HUAuQciXVnowmO.jpg
559	James Caan	1940-03-26	male	https://image.tmdb.org/t/p/w500/bGyOCCOIgcIyKjOGLoXoyp0XWHf.jpg
560	William H. Macy	1950-03-13	male	https://image.tmdb.org/t/p/w500/7fkXWN1xQfQwxuHv6uhpgBWX0Dg.jpg
561	John Travolta	1954-02-18	male	https://image.tmdb.org/t/p/w500/JSt3skdZpGPJYJixCZqH599WdI.jpg
562	Ian Holm	1931-09-12	male	https://image.tmdb.org/t/p/w500/w10RqtxwPV3alOhh0ngR0EJvIB1.jpg
563	Gary Oldman	1958-03-21	male	https://image.tmdb.org/t/p/w500/ioVNfh5m8IyoM1DXRIiOU658RXm.jpg
564	Rachel McAdams	1978-11-17	female	https://image.tmdb.org/t/p/w500/zmcwkvBGU4j6QEClXGu7ODjDEM.jpg
565	Adam Baldwin	1962-02-27	male	https://image.tmdb.org/t/p/w500/yHLEi9iWA1pWF794f3lkw7zqOJ8.jpg
566	Laura Linney	1964-02-05	female	https://image.tmdb.org/t/p/w500/6I31xZxo9Hq6T0OhSwCUjHd8jkB.jpg
567	Aaron Eckhart	1968-03-12	male	https://image.tmdb.org/t/p/w500/u5JjnRMr9zKEVvOP7k3F6gdcwT6.jpg
568	Shelley Duvall	1949-07-07	female	https://image.tmdb.org/t/p/w500/qaahhOifkqH1pTvlrChBAxMbMkQ.jpg
569	Edward Burns	1968-01-29	male	https://image.tmdb.org/t/p/w500/pTLdPUSxDUcdmvy91LGCF3pk0AM.jpg
570	Dwight Yoakam	1956-10-23	male	https://image.tmdb.org/t/p/w500/lMqcRiQs2OELf0xvFbLbX4nnXi8.jpg
571	Morgan Freeman	1937-06-01	male	https://image.tmdb.org/t/p/w500/oIciQWr8VwKoR8TmAw1owaiZFyb.jpg
572	Tatum O'Neal	1963-11-05	female	https://image.tmdb.org/t/p/w500/9JIIA3D6sQBOo5nB2aLqZHdVtoJ.jpg
573	Craig T. Nelson	1944-04-04	male	https://image.tmdb.org/t/p/w500/gQOdZNaAqvYTY48iXwkKm1zbHyS.jpg
574	Dafne Keen	2005-01-04	female	https://image.tmdb.org/t/p/w500/vohccdHmJHNZX9UIcRlmZ4Qwkj.jpg
575	Margaret Wycherly	1881-10-26	female	https://image.tmdb.org/t/p/w500/deOr31wqp3iKvGxm8M2XXgQbcAT.jpg
576	Joan Cusack	1962-10-11	female	https://image.tmdb.org/t/p/w500/vn6yAechuR3LUZUVpzEdmgjZrdh.jpg
577	Noah Emmerich	1965-02-27	male	https://image.tmdb.org/t/p/w500/uhMuM8QhLqWoQVZBgUBM9QSitcK.jpg
578	Ed Harris	1950-11-28	male	https://image.tmdb.org/t/p/w500/kUbUA70WPiosPT4kBJMWtGk0ASd.jpg
579	Charlize Theron	1975-08-07	female	https://image.tmdb.org/t/p/w500/1HloWLLhL3iTrmDtMigiitLB9Qx.jpg
580	Steve McQueen	1930-03-24	male	https://image.tmdb.org/t/p/w500/cu7zRiY4NS1ASlBWNqXaTEUWjob.jpg
581	Melissa Benoist	1988-10-04	female	https://image.tmdb.org/t/p/w500/ypC15woTlwz87q6Ri4FaEzzGqMV.jpg
582	Keith David	1956-06-04	male	https://image.tmdb.org/t/p/w500/jJLJuR7FNHYL1fB5igjj7IXzOel.jpg
583	Wes Bentley	1978-09-04	male	https://image.tmdb.org/t/p/w500/oDjtxTiEuCdyrcAtlCOEWUjhsaT.jpg
584	James Mason	1909-05-15	male	https://image.tmdb.org/t/p/w500/ivmJl4jLgYoxI93EPgBehund505.jpg
585	Bryce Dallas Howard	1981-03-02	female	https://image.tmdb.org/t/p/w500/qQX1rhQaJ1G8eMG2RknFKiXfNRc.jpg
586	Humphrey Bogart	1899-12-25	male	https://image.tmdb.org/t/p/w500/4pk2VbOb2td7iBZyir6Ji46HH4N.jpg
587	Joseph Schildkraut	1896-03-22	male	https://image.tmdb.org/t/p/w500/74UNeM6FKCWhgoqwadOhRE8fAZs.jpg
588	Barbara Bel Geddes	1922-10-31	female	https://image.tmdb.org/t/p/w500/xia6FCoc50eVYjp2b9ipHJbNtxF.jpg
589	Charles Durning	1923-02-28	male	https://image.tmdb.org/t/p/w500/bozKytaYVKoIbptxkMFWepK09U5.jpg
590	Zoe Saldana	1978-06-19	female	https://image.tmdb.org/t/p/w500/vQBwmsSOAd0JDaEcZ5p43J9xzsY.jpg
591	Val Kilmer	1959-12-31	male	https://image.tmdb.org/t/p/w500/cQhSRaLZKqI5haQiwcp0W1qY2MO.jpg
592	Dexter Fletcher	1966-01-31	male	https://image.tmdb.org/t/p/w500/yRI8MDB5sg8b8EZkzFz5cCBrnKL.jpg
593	Daniel Zacapa	1951-07-19	male	https://image.tmdb.org/t/p/w500/oiqkan5Gflsf8wKd6Zn9YHk2I0Y.jpg
594	Jena Malone	1984-11-21	female	https://image.tmdb.org/t/p/w500/1qmkanVCFr3ZaXcxSXVDO8andb0.jpg
595	Charlton Heston	1923-10-04	male	https://image.tmdb.org/t/p/w500/yqmVz8wDDpb49SYdNNrmuEm9YL0.jpg
596	Brendan Gleeson	1955-03-29	male	https://image.tmdb.org/t/p/w500/ljQB1eLRkxaIU1isFYoGsIc6b7m.jpg
597	Clark Gable	1901-02-01	male	https://image.tmdb.org/t/p/w500/qD6WJzydym7n7fCeL9PGnHe1aEV.jpg
598	Burt Lancaster	1913-11-02	male	https://image.tmdb.org/t/p/w500/1M4jic3OitwuwPznjk8yrsolfEZ.jpg
599	Joan Fontaine	1917-10-22	female	https://image.tmdb.org/t/p/w500/9BxgFhQfo9yyCXNHoj1CGQai2Vy.jpg
600	Cary Grant	1904-01-18	male	https://image.tmdb.org/t/p/w500/moeJxPpEIF0abbjXYDPknDKLn44.jpg
601	Jane Greer	1924-09-09	female	https://image.tmdb.org/t/p/w500/eqnPmly09oLsaRdzShzXuOtiF3P.jpg
602	Harry Connick Jr.	1967-09-11	male	https://image.tmdb.org/t/p/w500/il1t0cshowbZ6mMtH1930baQx9n.jpg
603	Farley Granger	1925-07-01	male	https://image.tmdb.org/t/p/w500/Ll95PIGfgKzOqzEtMD5XsSuqoZ.jpg
604	Walter Connolly	1887-04-08	male	https://image.tmdb.org/t/p/w500/1C2pNVYcULNgoG8wCWMtr4WrXMp.jpg
605	E.G. Marshall	1914-06-18	male	https://image.tmdb.org/t/p/w500/yZYUBQ7iCXgJWEBkQZaPfHCM9EU.jpg
606	Tom Hardy	1977-09-15	male	https://image.tmdb.org/t/p/w500/mHSmt9qu2JzEPqnVWCGViv9Stnn.jpg
607	Faye Dunaway	1941-01-14	female	https://image.tmdb.org/t/p/w500/bwHJPkiDOjTslgrl0mri1Ndvx2V.jpg
608	Javier Bardem	1969-03-01	male	https://image.tmdb.org/t/p/w500/p5xjCovj1uzvA2SXrWLH78Nh1Jf.jpg
609	Oliver Reed	1938-02-13	male	https://image.tmdb.org/t/p/w500/lEApzXRzw7PJFzYNEjpXnWQtSYZ.jpg
610	Anthony Quinn	1915-04-21	male	https://image.tmdb.org/t/p/w500/mLlpsh0S44vovYAxbVxvu5b4xaW.jpg
611	J.K. Simmons	1955-01-09	male	https://image.tmdb.org/t/p/w500/jPoNW5fugs5h8AbcE7H5OBm04Tm.jpg
612	Sally Field	1946-11-06	female	https://image.tmdb.org/t/p/w500/36qWnokCU1VOdSyrmGbTxzGou44.jpg
613	Mark Wahlberg	1971-06-05	male	https://image.tmdb.org/t/p/w500/bTEFpaWd7A6AZVWOqKKBWzKEUe8.jpg
614	Grace Kelly	1929-11-12	female	https://image.tmdb.org/t/p/w500/aMist7cww3a8FxJDg1eXoUNJCDM.jpg
615	Tommy Lee Jones	1946-09-15	male	https://image.tmdb.org/t/p/w500/rdKKuq8zWCDYlKSxIfwGo2RUjpN.jpg
616	Dick York	1928-09-04	male	https://image.tmdb.org/t/p/w500/jLN1mMJUEwuEKTkVuAptNhPMp6R.jpg
617	Robert Redford	1936-08-18	male	https://image.tmdb.org/t/p/w500/fUj0y9f69EYqWcGgjDhEcHlyzTW.jpg
618	Sala Baker	1976-09-22	male	https://image.tmdb.org/t/p/w500/rLjJOiHjjpFkR9hySucXkSuEKQj.jpg
619	Jodie Foster	1962-11-19	female	https://image.tmdb.org/t/p/w500/r1UpTXyEPvCrCGPAconWRNsUWjp.jpg
620	Charley Grapewin	1869-12-20	male	https://image.tmdb.org/t/p/w500/uPBFR5aayuPJOlSVBAOMSsLdan4.jpg
\.


--
-- Data for Name: movie_actors; Type: TABLE DATA; Schema: public; Owner: -
--

COPY public.movie_actors (movie_id, actor_id) FROM stdin;
1	343
1	571
1	264
1	221
2	484
2	73
2	559
3	73
3	184
3	205
3	350
4	407
4	48
4	567
4	542
5	61
5	553
5	281
5	605
6	103
6	207
6	144
6	356
7	512
7	558
8	141
8	149
8	561
9	172
9	558
9	618
10	388
10	159
11	230
11	612
12	380
12	16
12	14
12	606
13	487
13	69
13	217
13	60
14	514
14	558
14	361
14	618
15	437
15	284
15	148
15	62
16	350
16	186
16	416
16	209
17	538
17	523
18	571
18	593
18	159
19	225
19	362
19	173
19	360
20	619
20	132
21	487
21	69
21	217
21	150
22	230
22	102
22	569
22	435
23	230
23	453
23	541
23	76
24	139
24	494
24	289
24	12
25	309
25	563
25	35
25	467
26	328
26	154
26	211
26	55
27	518
27	86
28	451
28	429
28	187
30	104
30	3
30	354
31	388
31	422
31	175
32	485
32	311
32	36
32	531
33	478
33	95
33	422
34	171
34	33
34	174
34	609
35	367
35	363
35	449
35	23
36	380
36	170
36	538
36	613
37	256
37	611
37	34
37	581
38	156
38	407
38	542
38	461
39	33
39	350
39	81
39	409
40	586
40	130
40	30
40	492
41	225
41	614
41	206
41	283
42	518
42	113
42	338
43	327
43	423
43	339
43	127
44	484
44	524
44	184
45	69
45	164
45	399
46	444
46	148
46	29
46	401
47	40
47	188
47	380
47	46
48	168
48	137
48	194
48	204
49	392
49	72
49	49
49	482
50	37
50	54
50	452
50	376
51	163
51	278
51	314
51	510
52	458
52	448
52	450
52	247
53	538
53	568
53	411
53	20
54	242
54	430
55	168
55	204
55	194
55	137
56	215
56	195
56	537
56	160
57	407
57	563
57	606
57	16
58	350
58	260
58	329
59	423
59	473
59	557
59	34
60	349
60	365
60	178
60	517
61	548
61	516
61	269
61	63
62	292
62	324
62	440
62	583
63	326
64	97
64	135
64	105
65	230
65	390
65	183
65	11
66	487
66	69
66	217
66	60
67	57
67	141
67	475
68	159
68	98
68	188
68	346
69	170
69	126
69	190
70	433
71	225
71	370
71	588
71	177
72	139
72	306
72	472
72	243
73	434
73	218
73	371
74	527
74	212
74	112
74	265
75	106
75	117
75	272
75	227
76	600
76	228
76	584
76	334
77	341
77	565
77	250
77	546
78	211
78	525
78	313
78	159
79	417
79	488
79	464
79	21
80	73
80	549
81	543
81	19
81	610
81	276
82	121
82	617
82	493
82	589
83	427
84	249
84	9
84	77
84	285
85	230
85	390
85	576
85	203
86	236
86	550
86	249
86	344
87	32
87	70
88	69
88	307
89	521
89	418
89	17
90	511
90	273
90	143
90	165
91	292
91	171
91	444
91	555
92	73
92	350
92	591
92	1
93	94
93	510
93	455
94	407
94	542
94	103
94	316
95	244
95	277
96	146
96	299
96	571
96	210
97	182
97	270
97	236
97	403
98	100
98	598
98	421
98	54
99	234
99	404
99	22
99	431
100	580
100	345
100	462
100	253
101	171
101	578
101	472
101	521
102	350
102	59
102	416
102	260
103	586
103	459
103	486
103	335
104	380
104	293
104	161
104	494
105	96
105	592
105	456
106	350
106	191
106	416
106	554
107	241
107	614
107	424
107	109
108	373
108	611
108	503
109	351
110	51
110	352
110	24
110	52
111	538
111	607
111	394
111	545
112	357
113	101
113	606
113	515
113	321
114	35
114	62
114	208
114	406
115	398
115	237
115	287
115	552
116	91
116	223
116	213
116	396
117	380
117	194
117	207
117	443
118	615
118	608
118	297
118	395
119	360
119	39
119	298
119	58
120	294
120	302
120	364
121	484
121	155
121	281
121	169
122	114
122	428
122	551
122	465
123	458
123	19
123	276
123	536
124	490
124	502
124	382
125	527
125	331
125	110
126	244
126	445
126	248
126	122
127	69
127	64
127	118
127	290
128	544
128	340
128	508
128	462
129	610
129	385
130	7
130	282
131	317
133	38
133	225
133	492
133	501
134	350
134	507
134	528
134	226
135	351
135	238
136	560
136	229
136	377
137	146
137	295
138	384
138	412
138	426
138	310
140	434
140	566
140	577
140	108
141	170
141	407
141	320
142	381
142	15
142	460
142	575
143	392
143	4
143	285
144	556
144	468
145	18
145	231
145	534
145	229
146	134
146	495
147	126
147	119
147	336
147	513
148	144
148	97
148	303
148	104
149	419
149	414
149	405
150	121
150	107
150	65
150	258
151	342
151	268
151	488
151	358
152	13
152	359
153	380
153	230
153	226
153	524
154	607
154	458
154	425
154	184
155	100
155	222
155	106
155	616
156	156
156	477
156	50
156	131
157	322
158	509
158	90
158	192
158	594
159	145
159	496
159	504
160	595
160	276
160	245
161	606
161	579
161	5
162	141
162	489
162	82
163	511
163	273
163	165
163	143
164	144
164	257
164	120
164	491
165	156
165	147
165	574
165	262
166	137
166	279
166	56
167	596
168	582
168	75
169	146
169	233
169	571
169	419
170	166
170	599
170	22
170	387
171	506
171	134
172	158
172	133
172	201
172	142
173	597
173	136
173	604
173	271
174	111
175	194
175	366
175	564
175	8
176	436
176	225
176	363
176	413
177	127
177	84
177	318
178	393
178	225
178	420
178	587
179	240
179	267
179	128
180	234
180	93
180	368
180	288
181	231
181	386
181	229
182	598
182	270
182	232
182	53
183	83
183	441
183	124
183	532
184	134
184	495
185	315
185	50
185	585
185	220
186	342
186	572
186	305
186	323
187	121
187	617
187	2
187	67
188	181
188	115
190	207
190	526
190	10
191	42
191	505
191	286
191	620
192	239
192	590
192	92
192	530
193	32
193	540
193	466
194	332
194	506
195	580
195	378
195	476
195	176
196	478
196	557
196	95
196	219
197	353
197	408
197	369
198	68
198	27
198	255
198	330
199	480
199	140
199	500
199	470
200	73
200	397
200	259
200	266
201	301
201	410
201	291
201	355
202	138
202	522
202	198
203	139
203	443
203	281
203	193
204	151
204	222
204	185
204	199
205	477
205	167
205	254
206	87
206	470
206	41
207	196
207	602
207	530
207	179
208	507
209	110
209	442
210	438
210	521
210	275
210	483
211	74
211	200
211	547
211	305
212	252
212	420
212	520
212	446
213	225
213	152
213	6
213	439
214	474
214	493
214	296
214	78
215	170
215	379
215	383
215	180
216	312
217	44
217	337
217	497
217	116
218	244
219	168
219	204
219	194
219	137
220	47
220	601
220	392
220	99
221	263
221	315
222	378
222	471
222	432
222	31
223	88
223	469
223	454
224	47
224	71
224	391
224	216
225	25
226	263
226	92
226	499
226	535
227	573
227	202
227	400
227	89
228	66
228	415
228	19
229	380
229	214
229	472
230	79
230	333
230	280
230	125
231	274
231	529
231	308
232	426
232	189
233	436
233	375
233	319
233	533
234	170
234	28
234	325
234	157
235	80
235	562
235	246
235	26
236	79
236	121
236	519
236	539
237	63
237	129
237	479
237	123
238	33
239	463
239	18
239	251
239	300
240	498
240	603
240	85
241	347
241	205
241	304
241	481
242	372
242	235
242	162
243	447
243	224
243	261
244	124
244	374
245	389
245	570
246	43
247	166
247	542
248	348
248	402
248	457
249	490
249	153
249	197
249	45
250	595
250	23
250	331
\.


--
-- Data for Name: movies; Type: TABLE DATA; Schema: public; Owner: -
--

COPY public.movies (id, title, release_date, poster) FROM stdin;
1	The Shawshank Redemption	1994-10-14	https://m.media-amazon.com/images/M/MV5BMDFkYTc0MGEtZmNhMC00ZDIzLWFmNTEtODM1ZmRlYWMwMWFmXkEyXkFqcGdeQXVyMTMxODk2OTU@._V1_SX300.jpg
2	The Godfather	1972-03-24	https://m.media-amazon.com/images/M/MV5BM2MyNjYxNmUtYTAwNi00MTYxLWJmNWYtYzZlODY3ZTk3OTFlXkEyXkFqcGdeQXVyNzkwMjQ5NzM@._V1_SX300.jpg
3	The Godfather: Part II	1974-12-18	https://m.media-amazon.com/images/M/MV5BMWMwMGQzZTItY2JlNC00OWZiLWIyMDctNDk2ZDQ2YjRjMWQ0XkEyXkFqcGdeQXVyNzkwMjQ5NzM@._V1_SX300.jpg
4	The Dark Knight	2008-07-18	https://m.media-amazon.com/images/M/MV5BMTMxNTMwODM0NF5BMl5BanBnXkFtZTcwODAyMTk2Mw@@._V1_SX300.jpg
5	12 Angry Men	1957-04-10	https://m.media-amazon.com/images/M/MV5BMWU4N2FjNzYtNTVkNC00NzQ0LTg0MjAtYTJlMjFhNGUxZDFmXkEyXkFqcGdeQXVyNjc1NTYyMjg@._V1_SX300.jpg
6	Schindler's List	1994-02-04	https://m.media-amazon.com/images/M/MV5BNDE4OTMxMTctNmRhYy00NWE2LTg3YzItYTk3M2UwOTU5Njg4XkEyXkFqcGdeQXVyNjU0OTQ0OTY@._V1_SX300.jpg
7	The Lord of the Rings: The Return of the King	2003-12-17	https://m.media-amazon.com/images/M/MV5BNzA5ZDNlZWMtM2NhNS00NDJjLTk4NDItYTRmY2EwMWZlMTY3XkEyXkFqcGdeQXVyNzkwMjQ5NzM@._V1_SX300.jpg
8	Pulp Fiction	1994-10-14	https://m.media-amazon.com/images/M/MV5BNGNhMDIzZTUtNTBlZi00MTRlLWFjM2ItYzViMjE3YzI5MjljXkEyXkFqcGdeQXVyNzkwMjQ5NzM@._V1_SX300.jpg
9	The Lord of the Rings: The Fellowship of the Ring	2001-12-19	https://m.media-amazon.com/images/M/MV5BN2EyZjM3NzUtNWUzMi00MTgxLWI0NTctMzY4M2VlOTdjZWRiXkEyXkFqcGdeQXVyNDUzOTQ5MjY@._V1_SX300.jpg
10	Fight Club	1999-10-15	https://m.media-amazon.com/images/M/MV5BMmEzNTkxYjQtZTc0MC00YTVjLTg5ZTEtZWMwOWVlYzY0NWIwXkEyXkFqcGdeQXVyNzkwMjQ5NzM@._V1_SX300.jpg
11	Forrest Gump	1994-07-06	https://m.media-amazon.com/images/M/MV5BNWIwODRlZTUtY2U3ZS00Yzg1LWJhNzYtMmZiYmEyNmU1NjMzXkEyXkFqcGdeQXVyMTQxNzMzNDI@._V1_SX300.jpg
12	Inception	2010-07-16	https://m.media-amazon.com/images/M/MV5BMjAxMzY3NjcxNF5BMl5BanBnXkFtZTcwNTI5OTM0Mw@@._V1_SX300.jpg
13	Star Wars: Episode V - The Empire Strikes Back	1980-06-20	https://m.media-amazon.com/images/M/MV5BYmU1NDRjNDgtMzhiMi00NjZmLTg5NGItZDNiZjU5NTU4OTE0XkEyXkFqcGdeQXVyNzkwMjQ5NzM@._V1_SX300.jpg
14	The Lord of the Rings: The Two Towers	2002-12-18	https://m.media-amazon.com/images/M/MV5BNGE5MzIyNTAtNWFlMC00NDA2LWJiMjItMjc4Yjg1OWM5NzhhXkEyXkFqcGdeQXVyNzkwMjQ5NzM@._V1_SX300.jpg
15	The Matrix	1999-03-31	https://m.media-amazon.com/images/M/MV5BNzQzOTk3OTAtNDQ0Zi00ZTVkLWI0MTEtMDllZjNkYzNjNTc4L2ltYWdlXkEyXkFqcGdeQXVyNjU0OTQ0OTY@._V1_SX300.jpg
16	Goodfellas	1990-09-21	https://m.media-amazon.com/images/M/MV5BY2NkZjEzMDgtN2RjYy00YzM1LWI4ZmQtMjIwYjFjNmI3ZGEwXkEyXkFqcGdeQXVyNzkwMjQ5NzM@._V1_SX300.jpg
17	One Flew Over the Cuckoo's Nest	1975-11-19	https://m.media-amazon.com/images/M/MV5BZjA0OWVhOTAtYWQxNi00YzNhLWI4ZjYtNjFjZTEyYjJlNDVlL2ltYWdlL2ltYWdlXkEyXkFqcGdeQXVyMTQxNzMzNDI@._V1_SX300.jpg
18	Se7en	1995-09-22	https://m.media-amazon.com/images/M/MV5BOTUwODM5MTctZjczMi00OTk4LTg3NWUtNmVhMTAzNTNjYjcyXkEyXkFqcGdeQXVyNjU0OTQ0OTY@._V1_SX300.jpg
19	It's a Wonderful Life	1947-01-07	https://m.media-amazon.com/images/M/MV5BZjc4NDZhZWMtNGEzYS00ZWU2LThlM2ItNTA0YzQ0OTExMTE2XkEyXkFqcGdeQXVyNjUwMzI2NzU@._V1_SX300.jpg
20	The Silence of the Lambs	1991-02-14	https://m.media-amazon.com/images/M/MV5BNjNhZTk0ZmEtNjJhMi00YzFlLWE1MmEtYzM1M2ZmMGMwMTU4XkEyXkFqcGdeQXVyNjU0OTQ0OTY@._V1_SX300.jpg
21	Star Wars: Episode IV - A New Hope	1977-05-25	https://m.media-amazon.com/images/M/MV5BNzVlY2MwMjktM2E4OS00Y2Y3LWE3ZjctYzhkZGM3YzA1ZWM2XkEyXkFqcGdeQXVyNzkwMjQ5NzM@._V1_SX300.jpg
22	Saving Private Ryan	1998-07-24	https://m.media-amazon.com/images/M/MV5BZjhkMDM4MWItZTVjOC00ZDRhLThmYTAtM2I5NzBmNmNlMzI1XkEyXkFqcGdeQXVyNDYyMDk5MTU@._V1_SX300.jpg
23	The Green Mile	1999-12-10	https://m.media-amazon.com/images/M/MV5BMTUxMzQyNjA5MF5BMl5BanBnXkFtZTYwOTU2NTY3._V1_SX300.jpg
24	Interstellar	2014-11-07	https://m.media-amazon.com/images/M/MV5BZjdkOTU3MDktN2IxOS00OGEyLWFmMjktY2FiMmZkNWIyODZiXkEyXkFqcGdeQXVyMTMxODk2OTU@._V1_SX300.jpg
25	Léon: The Professional	1994-11-18	https://m.media-amazon.com/images/M/MV5BZDAwYTlhMDEtNTg0OS00NDY2LWJjOWItNWY3YTZkM2UxYzUzXkEyXkFqcGdeQXVyNTA4NzY1MzY@._V1_SX300.jpg
26	The Usual Suspects	1995-08-16	https://m.media-amazon.com/images/M/MV5BYTViNjMyNmUtNDFkNC00ZDRlLThmMDUtZDU2YWE4NGI2ZjVmXkEyXkFqcGdeQXVyNjU0OTQ0OTY@._V1_SX300.jpg
27	Modern Times	1936-02-25	https://m.media-amazon.com/images/M/MV5BYjJiZjMzYzktNjU0NS00OTkxLWEwYzItYzdhYWJjN2QzMTRlL2ltYWdlL2ltYWdlXkEyXkFqcGdeQXVyNjU0OTQ0OTY@._V1_SX300.jpg
28	The Lion King	1994-06-24	https://m.media-amazon.com/images/M/MV5BYTYxNGMyZTYtMjE3MS00MzNjLWFjNmYtMDk3N2FmM2JiM2M1XkEyXkFqcGdeQXVyNjY5NDU4NzI@._V1_SX300.jpg
29	City Lights	1931-03-07	https://m.media-amazon.com/images/M/MV5BY2I4MmM1N2EtM2YzOS00OWUzLTkzYzctNDc5NDg2N2IyODJmXkEyXkFqcGdeQXVyNzkwMjQ5NzM@._V1_SX300.jpg
30	The Pianist	2003-03-28	https://m.media-amazon.com/images/M/MV5BOWRiZDIxZjktMTA1NC00MDQ2LWEzMjUtMTliZmY3NjQ3ODJiXkEyXkFqcGdeQXVyNjU0OTQ0OTY@._V1_SX300.jpg
31	American History X	1998-11-20	https://m.media-amazon.com/images/M/MV5BZjA0MTM4MTQtNzY5MC00NzY3LWI1ZTgtYzcxMjkyMzU4MDZiXkEyXkFqcGdeQXVyNDYyMDk5MTU@._V1_SX300.jpg
32	Back to the Future	1985-07-03	https://m.media-amazon.com/images/M/MV5BZmU0M2Y1OGUtZjIxNi00ZjBkLTg1MjgtOWIyNThiZWIwYjRiXkEyXkFqcGdeQXVyMTQxNzMzNDI@._V1_SX300.jpg
33	Terminator 2: Judgment Day	1991-07-03	https://m.media-amazon.com/images/M/MV5BMGU2NzRmZjUtOGUxYS00ZjdjLWEwZWItY2NlM2JhNjkxNTFmXkEyXkFqcGdeQXVyNjU0OTQ0OTY@._V1_SX300.jpg
34	Gladiator	2000-05-05	https://m.media-amazon.com/images/M/MV5BMDliMmNhNDEtODUyOS00MjNlLTgxODEtN2U3NzIxMGVkZTA1L2ltYWdlXkEyXkFqcGdeQXVyNjU0OTQ0OTY@._V1_SX300.jpg
35	Psycho	1960-09-08	https://m.media-amazon.com/images/M/MV5BNTQwNDM1YzItNDAxZC00NWY2LTk0M2UtNDIwNWI5OGUyNWUxXkEyXkFqcGdeQXVyNzkwMjQ5NzM@._V1_SX300.jpg
36	The Departed	2006-10-06	https://m.media-amazon.com/images/M/MV5BMTI1MTY2OTIxNV5BMl5BanBnXkFtZTYwNjQ4NjY3._V1_SX300.jpg
37	Whiplash	2014-10-15	https://m.media-amazon.com/images/M/MV5BOTA5NDZlZGUtMjAxOS00YTRkLTkwYmMtYWQ0NWEwZDZiNjEzXkEyXkFqcGdeQXVyMTMxODk2OTU@._V1_SX300.jpg
38	The Prestige	2006-10-20	https://m.media-amazon.com/images/M/MV5BMjA4NDI0MTIxNF5BMl5BanBnXkFtZTYwNTM0MzY2._V1_SX300.jpg
39	Joker	2019-10-04	https://m.media-amazon.com/images/M/MV5BNGVjNWI4ZGUtNzE0MS00YTJmLWE0ZDctN2ZiYTk2YmI3NTYyXkEyXkFqcGdeQXVyMTkxNjUyNQ@@._V1_SX300.jpg
40	Casablanca	1943-01-23	https://m.media-amazon.com/images/M/MV5BY2IzZGY2YmEtYzljNS00NTM5LTgwMzUtMzM1NjQ4NGI0OTk0XkEyXkFqcGdeQXVyNDYyMDk5MTU@._V1_SX300.jpg
41	Rear Window	1954-09-01	https://m.media-amazon.com/images/M/MV5BNGUxYWM3M2MtMGM3Mi00ZmRiLWE0NGQtZjE5ODI2OTJhNTU0XkEyXkFqcGdeQXVyMTQxNzMzNDI@._V1_SX300.jpg
42	The Great Dictator	1941-03-07	https://m.media-amazon.com/images/M/MV5BMmExYWJjNTktNGUyZS00ODhmLTkxYzAtNWIzOGEyMGNiMmUwXkEyXkFqcGdeQXVyNjU0OTQ0OTY@._V1_SX300.jpg
43	Alien	1979-06-22	https://m.media-amazon.com/images/M/MV5BMmQ2MmU3NzktZjAxOC00ZDZhLTk4YzEtMDMyMzcxY2IwMDAyXkEyXkFqcGdeQXVyNzkwMjQ5NzM@._V1_SX300.jpg
44	Apocalypse Now	1979-08-15	https://m.media-amazon.com/images/M/MV5BMDdhODg0MjYtYzBiOS00ZmI5LWEwZGYtZDEyNDU4MmQyNzFkXkEyXkFqcGdeQXVyNzkwMjQ5NzM@._V1_SX300.jpg
45	Raiders of the Lost Ark	1981-06-12	https://m.media-amazon.com/images/M/MV5BMjA0ODEzMTc1Nl5BMl5BanBnXkFtZTcwODM2MjAxNA@@._V1_SX300.jpg
46	Memento	2001-05-25	https://m.media-amazon.com/images/M/MV5BZTcyNjk1MjgtOWI3Mi00YzQwLWI5MTktMzY4ZmI2NDAyNzYzXkEyXkFqcGdeQXVyNjU0OTQ0OTY@._V1_SX300.jpg
47	Django Unchained	2012-12-25	https://m.media-amazon.com/images/M/MV5BMjIyNTQ5NjQ1OV5BMl5BanBnXkFtZTcwODg1MDU4OA@@._V1_SX300.jpg
48	Avengers: Infinity War	2018-04-27	https://m.media-amazon.com/images/M/MV5BMjMxNjY2MDU1OV5BMl5BanBnXkFtZTgwNzY1MTUwNTM@._V1_SX300.jpg
49	Paths of Glory	1957-12-25	https://m.media-amazon.com/images/M/MV5BNjViMmRkOTEtM2ViOS00ODg0LWJhYWEtNTBlOGQxNDczOGY3XkEyXkFqcGdeQXVyMDI2NDg0NQ@@._V1_SX300.jpg
50	Witness for the Prosecution	1958-02-06	https://m.media-amazon.com/images/M/MV5BZjEwMmE5MzYtYWExYy00ZjEzLTk4MjUtMmJmNzgxY2MxN2U1XkEyXkFqcGdeQXVyMTg2NTc4MzA@._V1_SX300.jpg
51	Spider-Man: Into the Spider-Verse	2018-12-14	https://m.media-amazon.com/images/M/MV5BMjMwNDkxMTgzOF5BMl5BanBnXkFtZTgwNTkwNTQ3NjM@._V1_SX300.jpg
52	Sunset Blvd.	1950-09-29	https://m.media-amazon.com/images/M/MV5BMTU0NTkyNzYwMF5BMl5BanBnXkFtZTgwMDU0NDk5MTI@._V1_SX300.jpg
53	The Shining	1980-06-13	https://m.media-amazon.com/images/M/MV5BZWFlYmY2MGEtZjVkYS00YzU4LTg0YjQtYzY1ZGE3NTA5NGQxXkEyXkFqcGdeQXVyMTQxNzMzNDI@._V1_SX300.jpg
54	WALL·E	2008-06-27	https://m.media-amazon.com/images/M/MV5BMjExMTg5OTU0NF5BMl5BanBnXkFtZTcwMjMxMzMzMw@@._V1_SX300.jpg
55	Avengers: Endgame	2019-04-26	https://m.media-amazon.com/images/M/MV5BMTc5MDE2ODcwNV5BMl5BanBnXkFtZTgwMzI2NzQ2NzM@._V1_SX300.jpg
56	Dr. Strangelove or: How I Learned to Stop Worrying and Love the Bomb	1964-01-29	https://m.media-amazon.com/images/M/MV5BZWI3ZTMxNjctMjdlNS00NmUwLWFiM2YtZDUyY2I3N2MxYTE0XkEyXkFqcGdeQXVyNzkwMjQ5NzM@._V1_SX300.jpg
57	The Dark Knight Rises	2012-07-20	https://m.media-amazon.com/images/M/MV5BMTk4ODQzNDY3Ml5BMl5BanBnXkFtZTcwODA0NTM4Nw@@._V1_SX300.jpg
58	Once Upon a Time in America	1984-06-01	https://m.media-amazon.com/images/M/MV5BMGFkNWI4MTMtNGQ0OC00MWVmLTk3MTktOGYxN2Y2YWVkZWE2XkEyXkFqcGdeQXVyNjU0OTQ0OTY@._V1_SX300.jpg
59	Aliens	1986-07-18	https://m.media-amazon.com/images/M/MV5BZGU2OGY5ZTYtMWNhYy00NjZiLWI0NjUtZmNhY2JhNDRmODU3XkEyXkFqcGdeQXVyNzkwMjQ5NzM@._V1_SX300.jpg
60	Coco	2017-11-22	https://m.media-amazon.com/images/M/MV5BYjQ5NjM0Y2YtNjZkNC00ZDhkLWJjMWItN2QyNzFkMDE3ZjAxXkEyXkFqcGdeQXVyODIxMzk5NjA@._V1_SX300.jpg
61	1917	2020-01-10	https://m.media-amazon.com/images/M/MV5BOTdmNTFjNDEtNzg0My00ZjkxLTg1ZDAtZTdkMDc2ZmFiNWQ1XkEyXkFqcGdeQXVyNTAzNzgwNTg@._V1_SX300.jpg
62	American Beauty	1999-10-01	https://m.media-amazon.com/images/M/MV5BNTBmZWJkNjctNDhiNC00MGE2LWEwOTctZTk5OGVhMWMyNmVhXkEyXkFqcGdeQXVyMTMxODk2OTU@._V1_SX300.jpg
63	Braveheart	1995-05-24	https://m.media-amazon.com/images/M/MV5BMzkzMmU0YTYtOWM3My00YzBmLWI0YzctOGYyNTkwMWE5MTJkXkEyXkFqcGdeQXVyNzkwMjQ5NzM@._V1_SX300.jpg
64	Amadeus	1984-09-19	https://m.media-amazon.com/images/M/MV5BNWJlNzUzNGMtYTAwMS00ZjI2LWFmNWQtODcxNWUxODA5YmU1XkEyXkFqcGdeQXVyNTIzOTk5ODM@._V1_SX300.jpg
65	Toy Story	1995-11-22	https://m.media-amazon.com/images/M/MV5BMDU2ZWJlMjktMTRhMy00ZTA5LWEzNDgtYmNmZTEwZTViZWJkXkEyXkFqcGdeQXVyNDQ2OTk4MzI@._V1_SX300.jpg
66	Star Wars: Episode VI - Return of the Jedi	1983-05-25	https://m.media-amazon.com/images/M/MV5BOWZlMjFiYzgtMTUzNC00Y2IzLTk1NTMtZmNhMTczNTk0ODk1XkEyXkFqcGdeQXVyNTAyODkwOQ@@._V1_SX300.jpg
67	Reservoir Dogs	1992-09-02	https://m.media-amazon.com/images/M/MV5BZmExNmEwYWItYmQzOS00YjA5LTk2MjktZjEyZDE1Y2QxNjA1XkEyXkFqcGdeQXVyMTQxNzMzNDI@._V1_SX300.jpg
68	Inglourious Basterds	2009-08-21	https://m.media-amazon.com/images/M/MV5BOTJiNDEzOWYtMTVjOC00ZjlmLWE0NGMtZmE1OWVmZDQ2OWJhXkEyXkFqcGdeQXVyNTIzOTk5ODM@._V1_SX300.jpg
69	Good Will Hunting	1998-01-09	https://m.media-amazon.com/images/M/MV5BOTI0MzcxMTYtZDVkMy00NjY1LTgyMTYtZmUxN2M3NmQ2NWJhXkEyXkFqcGdeQXVyMTQxNzMzNDI@._V1_SX300.jpg
70	2001: A Space Odyssey	1968-05-12	https://m.media-amazon.com/images/M/MV5BMmNlYzRiNDctZWNhMi00MzI4LThkZTctMTUzMmZkMmFmNThmXkEyXkFqcGdeQXVyNzkwMjQ5NzM@._V1_SX300.jpg
71	Vertigo	1958-05-22	https://m.media-amazon.com/images/M/MV5BYTE4ODEwZDUtNDFjOC00NjAxLWEzYTQtYTI1NGVmZmFlNjdiL2ltYWdlL2ltYWdlXkEyXkFqcGdeQXVyNjc1NTYyMjg@._V1_SX300.jpg
72	Requiem for a Dream	2000-12-15	https://m.media-amazon.com/images/M/MV5BOTdiNzJlOWUtNWMwNS00NmFlLWI0YTEtZmI3YjIzZWUyY2Y3XkEyXkFqcGdeQXVyNjU0OTQ0OTY@._V1_SX300.jpg
73	Eternal Sunshine of the Spotless Mind	2004-03-19	https://m.media-amazon.com/images/M/MV5BMTY4NzcwODg3Nl5BMl5BanBnXkFtZTcwNTEwOTMyMw@@._V1_SX300.jpg
74	Citizen Kane	1941-09-05	https://m.media-amazon.com/images/M/MV5BYjBiOTYxZWItMzdiZi00NjlkLWIzZTYtYmFhZjhiMTljOTdkXkEyXkFqcGdeQXVyNzkwMjQ5NzM@._V1_SX300.jpg
75	Singin' in the Rain	1952-04-11	https://m.media-amazon.com/images/M/MV5BMWUyNjQ5MTAtNDJhYS00MWQ0LTk2ZTAtZmE4MWNlMjMwMzg3XkEyXkFqcGdeQXVyNTA4NzY1MzY@._V1_SX300.jpg
76	North by Northwest	1959-09-26	https://m.media-amazon.com/images/M/MV5BZDA3NDExMTUtMDlhOC00MmQ5LWExZGUtYmI1NGVlZWI4OWNiXkEyXkFqcGdeQXVyNjc1NTYyMjg@._V1_SX300.jpg
77	Full Metal Jacket	1987-07-10	https://m.media-amazon.com/images/M/MV5BNzkxODk0NjEtYjc4Mi00ZDI0LTgyYjEtYzc1NDkxY2YzYTgyXkEyXkFqcGdeQXVyNzkwMjQ5NzM@._V1_SX300.jpg
78	Snatch	2001-01-19	https://m.media-amazon.com/images/M/MV5BMTA2NDYxOGYtYjU1Mi00Y2QzLTgxMTQtMWI1MGI0ZGQ5MmU4XkEyXkFqcGdeQXVyNDk3NzU2MTQ@._V1_SX300.jpg
79	A Clockwork Orange	1972-02-02	https://m.media-amazon.com/images/M/MV5BMTY3MjM1Mzc4N15BMl5BanBnXkFtZTgwODM0NzAxMDE@._V1_SX300.jpg
80	Scarface	1983-12-09	https://m.media-amazon.com/images/M/MV5BNjdjNGQ4NDEtNTEwYS00MTgxLTliYzQtYzE2ZDRiZjFhZmNlXkEyXkFqcGdeQXVyNjU0OTQ0OTY@._V1_SX300.jpg
81	Lawrence of Arabia	1962-12-11	https://m.media-amazon.com/images/M/MV5BYWY5ZjhjNGYtZmI2Ny00ODM0LWFkNzgtZmI1YzA2N2MxMzA0XkEyXkFqcGdeQXVyNjUwNzk3NDc@._V1_SX300.jpg
82	The Sting	1973-12-25	https://m.media-amazon.com/images/M/MV5BNGU3NjQ4YTMtZGJjOS00YTQ3LThmNmItMTI5MDE2ODI3NzY3XkEyXkFqcGdeQXVyMjUzOTY1NTc@._V1_SX300.jpg
83	Taxi Driver	1976-02-09	https://m.media-amazon.com/images/M/MV5BM2M1MmVhNDgtNmI0YS00ZDNmLTkyNjctNTJiYTQ2N2NmYzc2XkEyXkFqcGdeQXVyNzkwMjQ5NzM@._V1_SX300.jpg
84	Double Indemnity	1944-07-06	https://m.media-amazon.com/images/M/MV5BOTdlNjgyZGUtOTczYi00MDdhLTljZmMtYTEwZmRiOWFkYjRhXkEyXkFqcGdeQXVyNDY2MTk1ODk@._V1_SX300.jpg
85	Toy Story 3	2010-06-18	https://m.media-amazon.com/images/M/MV5BMTgxOTY4Mjc0MF5BMl5BanBnXkFtZTcwNTA4MDQyMw@@._V1_SX300.jpg
86	The Apartment	1960-09-16	https://m.media-amazon.com/images/M/MV5BNzkwODFjNzItMmMwNi00MTU5LWE2MzktM2M4ZDczZGM1MmViXkEyXkFqcGdeQXVyNDY2MTk1ODk@._V1_SX300.jpg
87	To Kill a Mockingbird	1963-03-16	https://m.media-amazon.com/images/M/MV5BNmVmYzcwNzMtMWM1NS00MWIyLThlMDEtYzUwZDgzODE1NmE2XkEyXkFqcGdeQXVyNzkwMjQ5NzM@._V1_SX300.jpg
88	Indiana Jones and the Last Crusade	1989-05-24	https://m.media-amazon.com/images/M/MV5BMjNkMzc2N2QtNjVlNS00ZTk5LTg0MTgtODY2MDAwNTMwZjBjXkEyXkFqcGdeQXVyNDk3NzU2MTQ@._V1_SX300.jpg
89	Up	2009-05-29	https://m.media-amazon.com/images/M/MV5BMTk3NDE2NzI4NF5BMl5BanBnXkFtZTgwNzE1MzEyMTE@._V1_SX300.jpg
90	Monty Python and the Holy Grail	1975-05-25	https://m.media-amazon.com/images/M/MV5BN2IyNTE4YzUtZWU0Mi00MGIwLTgyMmQtMzQ4YzQxYWNlYWE2XkEyXkFqcGdeQXVyNjU0OTQ0OTY@._V1_SX300.jpg
91	L.A. Confidential	1997-09-19	https://m.media-amazon.com/images/M/MV5BMDQ2YzEyZGItYWRhOS00MjBmLTkzMDUtMTdjYzkyMmQxZTJlXkEyXkFqcGdeQXVyNjU0OTQ0OTY@._V1_SX300.jpg
92	Heat	1995-12-15	https://m.media-amazon.com/images/M/MV5BNDc0YTQ5NGEtM2NkYS00MWRhLThiNzAtNmY3NWU3YzNkMjIyXkEyXkFqcGdeQXVyNzkwMjQ5NzM@._V1_SX300.jpg
93	Green Book	2018-11-16	https://m.media-amazon.com/images/M/MV5BYzIzYmJlYTYtNGNiYy00N2EwLTk4ZjItMGYyZTJiOTVkM2RlXkEyXkFqcGdeQXVyODY1NDk1NjE@._V1_SX300.jpg
94	Batman Begins	2005-06-15	https://m.media-amazon.com/images/M/MV5BZmUwNGU2ZmItMmRiNC00MjhlLTg5YWUtODMyNzkxODYzMmZlXkEyXkFqcGdeQXVyNTIzOTk5ODM@._V1_SX300.jpg
95	Die Hard	1988-07-20	https://m.media-amazon.com/images/M/MV5BZjRlNDUxZjAtOGQ4OC00OTNlLTgxNmQtYTBmMDgwZmNmNjkxXkEyXkFqcGdeQXVyNzkwMjQ5NzM@._V1_SX300.jpg
96	Unforgiven	1992-08-07	https://m.media-amazon.com/images/M/MV5BODM3YWY4NmQtN2Y3Ni00OTg0LWFhZGQtZWE3ZWY4MTJlOWU4XkEyXkFqcGdeQXVyNjU0OTQ0OTY@._V1_SX300.jpg
97	Some Like It Hot	1959-03-19	https://m.media-amazon.com/images/M/MV5BNzAyOGIxYjAtMGY2NC00ZTgyLWIwMWEtYzY0OWQ4NDFjOTc5XkEyXkFqcGdeQXVyNjU0OTQ0OTY@._V1_SX300.jpg
98	Judgment at Nuremberg	1961-12-18	https://m.media-amazon.com/images/M/MV5BZDZjMTIwZTQtNTM3OS00OTUyLWI5MTMtOTNjYWVkNzhjMWIxXkEyXkFqcGdeQXVyNTc1NTQxODI@._V1_SX300.jpg
99	All About Eve	1950-10-27	https://m.media-amazon.com/images/M/MV5BMTY2MTAzODI5NV5BMl5BanBnXkFtZTgwMjM4NzQ0MjE@._V1_SX300.jpg
100	The Great Escape	1963-07-04	https://m.media-amazon.com/images/M/MV5BNzA2NmYxMWUtNzBlMC00MWM2LTkwNmQtYTFlZjQwODNhOWE0XkEyXkFqcGdeQXVyNTIzOTk5ODM@._V1_SX300.jpg
101	A Beautiful Mind	2002-01-04	https://m.media-amazon.com/images/M/MV5BMzcwYWFkYzktZjAzNC00OGY1LWI4YTgtNzc5MzVjMDVmNjY0XkEyXkFqcGdeQXVyMTQxNzMzNDI@._V1_SX300.jpg
102	Casino	1995-11-22	https://m.media-amazon.com/images/M/MV5BMTcxOWYzNDYtYmM4YS00N2NkLTk0NTAtNjg1ODgwZjAxYzI3XkEyXkFqcGdeQXVyNTA4NzY1MzY@._V1_SX300.jpg
103	The Treasure of the Sierra Madre	1948-01-24	https://m.media-amazon.com/images/M/MV5BOTJlZWMxYzEtMjlkMS00ODE0LThlM2ItMDI3NGQ2YjhmMzkxXkEyXkFqcGdeQXVyMDI2NDg0NQ@@._V1_SX300.jpg
104	The Wolf of Wall Street	2013-12-25	https://m.media-amazon.com/images/M/MV5BMjIxMjgxNTk0MF5BMl5BanBnXkFtZTgwNjIyOTg2MDE@._V1_SX300.jpg
105	Lock, Stock and Two Smoking Barrels	1998-08-28	https://m.media-amazon.com/images/M/MV5BMTAyN2JmZmEtNjAyMy00NzYwLThmY2MtYWQ3OGNhNjExMmM4XkEyXkFqcGdeQXVyNDk3NzU2MTQ@._V1_SX300.jpg
106	Raging Bull	1980-12-19	https://m.media-amazon.com/images/M/MV5BYjRmODkzNDItMTNhNi00YjJlLTg0ZjAtODlhZTM0YzgzYThlXkEyXkFqcGdeQXVyNzQ1ODk3MTQ@._V1_SX300.jpg
107	Dial M for Murder	1954-05-29	https://m.media-amazon.com/images/M/MV5BOWIwODIxYWItZDI4MS00YzhhLWE3MmYtMzlhZDIwOTMzZmE5L2ltYWdlXkEyXkFqcGdeQXVyNjc1NTYyMjg@._V1_SX300.jpg
108	Klaus	2019-11-15	https://m.media-amazon.com/images/M/MV5BMWYwOThjM2ItZGYxNy00NTQwLWFlZWEtM2MzM2Q5MmY3NDU5XkEyXkFqcGdeQXVyMTkxNjUyNQ@@._V1_SX300.jpg
109	There Will Be Blood	2008-01-25	https://m.media-amazon.com/images/M/MV5BMjAxODQ4MDU5NV5BMl5BanBnXkFtZTcwMDU4MjU1MQ@@._V1_SX300.jpg
110	Three Billboards Outside Ebbing, Missouri	2017-12-01	https://m.media-amazon.com/images/M/MV5BMjI0ODcxNzM1N15BMl5BanBnXkFtZTgwMzIwMTEwNDI@._V1_SX300.jpg
111	Chinatown	1974-06-20	https://m.media-amazon.com/images/M/MV5BOGMwYmY5ZmEtMzY1Yi00OWJiLTk1Y2MtMzI2MjBhYmZkNTQ0XkEyXkFqcGdeQXVyNzkwMjQ5NzM@._V1_SX300.jpg
112	Sherlock Jr.	1924-05-11	https://m.media-amazon.com/images/M/MV5BZWFhOGU5NDctY2Q3YS00Y2VlLWI1NzEtZmIwY2ZiZjY4OTA2XkEyXkFqcGdeQXVyMDI2NDg0NQ@@._V1_SX300.jpg
113	Warrior	2011-09-09	https://m.media-amazon.com/images/M/MV5BMTk4ODk5MTMyNV5BMl5BanBnXkFtZTcwMDMyNTg0Ng@@._V1_SX300.jpg
114	V for Vendetta	2006-03-17	https://m.media-amazon.com/images/M/MV5BOTI5ODc3NzExNV5BMl5BanBnXkFtZTcwNzYxNzQzMw@@._V1_SX300.jpg
115	Inside Out	2015-06-19	https://m.media-amazon.com/images/M/MV5BOTgxMDQwMDk0OF5BMl5BanBnXkFtZTgwNjU5OTg2NDE@._V1_SX300.jpg
116	The Elephant Man	1980-10-10	https://m.media-amazon.com/images/M/MV5BMDVjNjIwOGItNDE3Ny00OThjLWE0NzQtZTU3YjMzZTZjMzhkXkEyXkFqcGdeQXVyMTQxNzMzNDI@._V1_SX300.jpg
117	Shutter Island	2010-02-19	https://m.media-amazon.com/images/M/MV5BYzhiNDkyNzktNTZmYS00ZTBkLTk2MDAtM2U0YjU1MzgxZjgzXkEyXkFqcGdeQXVyMTMxODk2OTU@._V1_SX300.jpg
118	No Country for Old Men	2007-11-21	https://m.media-amazon.com/images/M/MV5BMjA5Njk3MjM4OV5BMl5BanBnXkFtZTcwMTc5MTE1MQ@@._V1_SX300.jpg
119	Gone with the Wind	1940-01-17	https://m.media-amazon.com/images/M/MV5BYjUyZWZkM2UtMzYxYy00ZmQ3LWFmZTQtOGE2YjBkNjA3YWZlXkEyXkFqcGdeQXVyNzkwMjQ5NzM@._V1_SX300.jpg
120	Trainspotting	1996-08-09	https://m.media-amazon.com/images/M/MV5BMzA5Zjc3ZTMtMmU5YS00YTMwLWI4MWUtYTU0YTVmNjVmODZhXkEyXkFqcGdeQXVyNjU0OTQ0OTY@._V1_SX300.jpg
121	On the Waterfront	1954-06-22	https://m.media-amazon.com/images/M/MV5BY2I0MWFiZDMtNWQyYy00Njk5LTk3MDktZjZjNTNmZmVkYjkxXkEyXkFqcGdeQXVyNjc1NTYyMjg@._V1_SX300.jpg
122	The Thing	1982-06-25	https://m.media-amazon.com/images/M/MV5BNDcyZmFjY2YtN2I1OC00MzU3LWIzZGEtZDA5N2VlNDJjYWI3L2ltYWdlXkEyXkFqcGdeQXVyNTAyODkwOQ@@._V1_SX300.jpg
123	The Bridge on the River Kwai	1957-12-14	https://m.media-amazon.com/images/M/MV5BMGVhNjhjODktODgxYS00MDdhLTlkZjktYTkyNzQxMTU0ZDYxXkEyXkFqcGdeQXVyNzkwMjQ5NzM@._V1_SX300.jpg
124	Room	2016-01-22	https://m.media-amazon.com/images/M/MV5BMjE4NzgzNzEwMl5BMl5BanBnXkFtZTgwMTMzMDE0NjE@._V1_SX300.jpg
125	The Third Man	1949-10-12	https://m.media-amazon.com/images/M/MV5BYjE2OTdhMWUtOGJlMy00ZDViLWIzZjgtYjZkZGZmMDZjYmEyXkEyXkFqcGdeQXVyNzkwMjQ5NzM@._V1_SX300.jpg
126	The Sixth Sense	1999-08-06	https://m.media-amazon.com/images/M/MV5BMWM4NTFhYjctNzUyNi00NGMwLTk3NTYtMDIyNTZmMzRlYmQyXkEyXkFqcGdeQXVyMTAwMzUyOTc@._V1_SX300.jpg
127	Blade Runner	1982-06-25	https://m.media-amazon.com/images/M/MV5BNzQzMzJhZTEtOWM4NS00MTdhLTg0YjgtMjM4MDRkZjUwZDBlXkEyXkFqcGdeQXVyNjU0OTQ0OTY@._V1_SX300.jpg
128	Jurassic Park	1993-06-11	https://m.media-amazon.com/images/M/MV5BMjM2MDgxMDg0Nl5BMl5BanBnXkFtZTgwNTM2OTM5NDE@._V1_SX300.jpg
129	The Message	1977-07-08	https://m.media-amazon.com/images/M/MV5BMjk3YjJmYTctMTAzZC00MzE4LWFlZGMtNDM5OTMyMDEzZWIxXkEyXkFqcGdeQXVyNTI4MjkwNjA@._V1_SX300.jpg
130	Finding Nemo	2003-05-30	https://m.media-amazon.com/images/M/MV5BZTAzNWZlNmUtZDEzYi00ZjA5LWIwYjEtZGM1NWE1MjE4YWRhXkEyXkFqcGdeQXVyNjU0OTQ0OTY@._V1_SX300.jpg
131	The General	1927-01-02	https://m.media-amazon.com/images/M/MV5BYmRiMDFlYjYtOTMwYy00OGY2LWE0Y2QtYzQxOGNhZmUwNTIxXkEyXkFqcGdeQXVyNzkwMjQ5NzM@._V1_SX300.jpg
132	Mary and Max	2009-04-09	https://m.media-amazon.com/images/M/MV5BMDgzYjQwMDMtNGUzYi00MTRmLWIyMGMtNjE1OGZkNzY2YWIzL2ltYWdlXkEyXkFqcGdeQXVyNjU0OTQ0OTY@._V1_SX300.jpg
133	Mr. Smith Goes to Washington	1939-10-19	https://m.media-amazon.com/images/M/MV5BZTYwYjYxYzgtMDE1Ni00NzU4LWJlMTEtODQ5YmJmMGJhZjI5L2ltYWdlXkEyXkFqcGdeQXVyMDI2NDg0NQ@@._V1_SX300.jpg
134	The Deer Hunter	1979-02-23	https://m.media-amazon.com/images/M/MV5BNDhmNTA0ZDMtYjhkNS00NzEzLWIzYTItOGNkMTVmYjE2YmI3XkEyXkFqcGdeQXVyNzkwMjQ5NzM@._V1_SX300.jpg
135	In the Name of the Father	1994-02-25	https://m.media-amazon.com/images/M/MV5BMmYyOTgwYWItYmU3Ny00M2E2LTk0NWMtMDVlNmQ0MWZiMTMxXkEyXkFqcGdeQXVyNzkwMjQ5NzM@._V1_SX300.jpg
136	Fargo	1996-04-05	https://m.media-amazon.com/images/M/MV5BNDJiZDgyZjctYmRjMS00ZjdkLTkwMTEtNGU1NDg3NDQ0Yzk1XkEyXkFqcGdeQXVyNzkwMjQ5NzM@._V1_SX300.jpg
137	Gran Torino	2009-01-09	https://m.media-amazon.com/images/M/MV5BMTc5NTk2OTU1Nl5BMl5BanBnXkFtZTcwMDc3NjAwMg@@._V1_SX300.jpg
138	Kill Bill: Vol. 1	2003-10-10	https://m.media-amazon.com/images/M/MV5BNzM3NDFhYTAtYmU5Mi00NGRmLTljYjgtMDkyODQ4MjNkMGY2XkEyXkFqcGdeQXVyNzkwMjQ5NzM@._V1_SX300.jpg
139	The Red Shoes	1948-09-06	https://m.media-amazon.com/images/M/MV5BOWRmNGEwZjUtZjEwNS00OGZmLThhMmEtZTJlMTU5MGQ3ZWUwXkEyXkFqcGdeQXVyNjc1NTYyMjg@._V1_SX300.jpg
140	The Truman Show	1998-06-05	https://m.media-amazon.com/images/M/MV5BMDIzODcyY2EtMmY2MC00ZWVlLTgwMzAtMjQwOWUyNmJjNTYyXkEyXkFqcGdeQXVyNDk3NzU2MTQ@._V1_SX300.jpg
141	Ford v Ferrari	2019-11-15	https://m.media-amazon.com/images/M/MV5BM2UwMDVmMDItM2I2Yi00NGZmLTk4ZTUtY2JjNTQ3OGQ5ZjM2XkEyXkFqcGdeQXVyMTA1OTYzOTUx._V1_SX300.jpg
142	White Heat	1949-09-03	https://m.media-amazon.com/images/M/MV5BZmI5NTA3MjItYzdhMi00MWMxLTg3OWMtYWQyYjg5MTFmM2U0L2ltYWdlL2ltYWdlXkEyXkFqcGdeQXVyNjc1NTYyMjg@._V1_SX300.jpg
143	Ace in the Hole	1951-07-04	https://m.media-amazon.com/images/M/MV5BNDUzZjlhZTYtN2E5MS00ODQ3LWI1ZjgtNzdiZmI0NTZiZTljXkEyXkFqcGdeQXVyMjI4MjA5MzA@._V1_SX300.jpg
144	Hacksaw Ridge	2016-11-04	https://m.media-amazon.com/images/M/MV5BMjQ1NjM3MTUxNV5BMl5BanBnXkFtZTgwMDc5MTY5OTE@._V1_SX300.jpg
145	The Big Lebowski	1998-03-06	https://m.media-amazon.com/images/M/MV5BMTQ0NjUzMDMyOF5BMl5BanBnXkFtZTgwODA1OTU0MDE@._V1_SX300.jpg
146	Before Sunrise	1995-01-27	https://m.media-amazon.com/images/M/MV5BZDdiZTAwYzAtMDI3Ni00OTRjLTkzN2UtMGE3MDMyZmU4NTU4XkEyXkFqcGdeQXVyNjU0OTQ0OTY@._V1_SX300.jpg
147	Gone Girl	2014-10-03	https://m.media-amazon.com/images/M/MV5BMTk0MDQ3MzAzOV5BMl5BanBnXkFtZTgwNzU1NzE3MjE@._V1_SX300.jpg
148	The Grand Budapest Hotel	2014-03-28	https://m.media-amazon.com/images/M/MV5BMzM5NjUxOTEyMl5BMl5BanBnXkFtZTgwNjEyMDM0MDE@._V1_SX300.jpg
149	How to Train Your Dragon	2010-03-26	https://m.media-amazon.com/images/M/MV5BMjA5NDQyMjc2NF5BMl5BanBnXkFtZTcwMjg5ODcyMw@@._V1_SX300.jpg
150	Cool Hand Luke	1967-11-01	https://m.media-amazon.com/images/M/MV5BOWFlNzZhYmYtYTI5YS00MDQyLWIyNTUtNTRjMWUwNTEzNjA0XkEyXkFqcGdeQXVyNjUwNzk3NDc@._V1_SX300.jpg
151	Barry Lyndon	1975-12-18	https://m.media-amazon.com/images/M/MV5BNmY0MWY2NDctZDdmMi00MjA1LTk0ZTQtZDMyZTQ1NTNlYzVjXkEyXkFqcGdeQXVyMjUzOTY1NTc@._V1_SX300.jpg
152	Hachi: A Dog's Tale	2010-03-12	https://m.media-amazon.com/images/M/MV5BNzE4NDg5OWMtMzg3NC00ZDRjLTllMDMtZTRjNWZmNjBmMGZlXkEyXkFqcGdeQXVyMTMxODk2OTU@._V1_SX300.jpg
153	Catch Me If You Can	2002-12-25	https://m.media-amazon.com/images/M/MV5BMTY5MzYzNjc5NV5BMl5BanBnXkFtZTYwNTUyNTc2._V1_SX300.jpg
154	Network	1976-11-27	https://m.media-amazon.com/images/M/MV5BNmFiOWY3ZTktOTYwNy00ZTUzLTk0ODQtNzIxMzQ0ZDFjMTgyXkEyXkFqcGdeQXVyNTc1NTQxODI@._V1_SX300.jpg
155	Inherit the Wind	1960-08-30	https://m.media-amazon.com/images/M/MV5BMGQ5ODNkNWYtYTgxZS00YjJkLThhODAtYzUwNGNiYjRmNjdkXkEyXkFqcGdeQXVyMTg2NTc4MzA@._V1_SX300.jpg
156	Prisoners	2013-09-20	https://m.media-amazon.com/images/M/MV5BMTg0NTIzMjQ1NV5BMl5BanBnXkFtZTcwNDc3MzM5OQ@@._V1_SX300.jpg
157	12 Years a Slave	2013-11-08	https://m.media-amazon.com/images/M/MV5BMjExMTEzODkyN15BMl5BanBnXkFtZTcwNTU4NTc4OQ@@._V1_SX300.jpg
158	Into the Wild	2007-10-19	https://m.media-amazon.com/images/M/MV5BMTAwNDEyODU1MjheQTJeQWpwZ15BbWU2MDc3NDQwNw@@._V1_SX300.jpg
159	Stand by Me	1986-11-26	https://m.media-amazon.com/images/M/MV5BODJmY2Y2OGQtMDg2My00N2Q3LWJmZTUtYTc2ODBjZDVlNDlhXkEyXkFqcGdeQXVyMTQxNzMzNDI@._V1_SX300.jpg
160	Ben-Hur	1960-01-29	https://m.media-amazon.com/images/M/MV5BNjgxY2JiZDYtZmMwOC00ZmJjLWJmODUtMTNmNWNmYWI5ODkwL2ltYWdlL2ltYWdlXkEyXkFqcGdeQXVyNjc1NTYyMjg@._V1_SX300.jpg
161	Mad Max: Fury Road	2015-05-15	https://m.media-amazon.com/images/M/MV5BN2EwM2I5OWMtMGQyMi00Zjg1LWJkNTctZTdjYTA4OGUwZjMyXkEyXkFqcGdeQXVyMTMxODk2OTU@._V1_SX300.jpg
162	The Legend of 1900	1998-10-28	https://m.media-amazon.com/images/M/MV5BMzIwOTdmNjQtOWQ1ZS00ZWQ4LWIxYTMtOWFkM2NjODJiMGY4L2ltYWdlL2ltYWdlXkEyXkFqcGdeQXVyNTI4MjkwNjA@._V1_SX300.jpg
163	Monty Python's Life of Brian	1979-08-17	https://m.media-amazon.com/images/M/MV5BMzAwNjU1OTktYjY3Mi00NDY5LWFlZWUtZjhjNGE0OTkwZDkwXkEyXkFqcGdeQXVyMTQxNzMzNDI@._V1_SX300.jpg
164	Harry Potter and the Deathly Hallows: Part 2	2011-07-15	https://m.media-amazon.com/images/M/MV5BMjIyZGU4YzUtNDkzYi00ZDRhLTljYzctYTMxMDQ4M2E0Y2YxXkEyXkFqcGdeQXVyNTIzOTk5ODM@._V1_SX300.jpg
165	Logan	2017-03-03	https://m.media-amazon.com/images/M/MV5BYzc5MTU4N2EtYTkyMi00NjdhLTg3NWEtMTY4OTEyMzJhZTAzXkEyXkFqcGdeQXVyNjc1NTYyMjg@._V1_SX300.jpg
166	Rush	2013-09-27	https://m.media-amazon.com/images/M/MV5BOWEwODJmZDItYTNmZC00OGM4LThlNDktOTQzZjIzMGQxODA4XkEyXkFqcGdeQXVyNjU0OTQ0OTY@._V1_SX300.jpg
167	Song of the Sea	2015-11-20	https://m.media-amazon.com/images/M/MV5BMTQ2MDMwNjEwNV5BMl5BanBnXkFtZTgwOTkxMzI0MzE@._V1_SX300.jpg
168	Platoon	1987-02-06	https://m.media-amazon.com/images/M/MV5BM2Y1NTQyNWYtNDViNy00ZWRhLTk3MTMtOTI3ZGQ5MDFiNWM4XkEyXkFqcGdeQXVyNzkwMjQ5NzM@._V1_SX300.jpg
169	Million Dollar Baby	2005-01-28	https://m.media-amazon.com/images/M/MV5BMTkxNzA1NDQxOV5BMl5BanBnXkFtZTcwNTkyMTIzMw@@._V1_SX300.jpg
170	Rebecca	1940-04-12	https://m.media-amazon.com/images/M/MV5BYTcxYWExOTMtMWFmYy00ZjgzLWI0YjktNWEzYzJkZTg0NDdmL2ltYWdlXkEyXkFqcGdeQXVyNjc1NTYyMjg@._V1_SX300.jpg
171	Dead Poets Society	1989-06-09	https://m.media-amazon.com/images/M/MV5BOGYwYWNjMzgtNGU4ZC00NWQ2LWEwZjUtMzE1Zjc3NjY3YTU1XkEyXkFqcGdeQXVyMTQxNzMzNDI@._V1_SX300.jpg
172	Sunrise	1927-11-04	https://m.media-amazon.com/images/M/MV5BNDVkYmYwM2ItNzRiMy00NWQ4LTlhMjMtNDI1ZDYyOGVmMzJjXkEyXkFqcGdeQXVyNTgzMzU5MDI@._V1_SX300.jpg
173	It Happened One Night	1934-02-22	https://m.media-amazon.com/images/M/MV5BYzJmMWE5NjAtNWMyZS00NmFiLWIwMDgtZDE2NzczYWFhNzIzXkEyXkFqcGdeQXVyNjc1NTYyMjg@._V1_SX300.jpg
174	Hotel Rwanda	2005-02-04	https://m.media-amazon.com/images/M/MV5BZGJjYmIzZmQtNWE4Yy00ZGVmLWJkZGEtMzUzNmQ4ZWFlMjRhXkEyXkFqcGdeQXVyMTMxODk2OTU@._V1_SX300.jpg
175	Spotlight	2015-11-20	https://m.media-amazon.com/images/M/MV5BMjIyOTM5OTIzNV5BMl5BanBnXkFtZTgwMDkzODE2NjE@._V1_SX300.jpg
176	The Man Who Shot Liberty Valance	1962-04-22	https://m.media-amazon.com/images/M/MV5BMGEyNzhkYzktMGMyZS00YzRiLWJlYjktZjJkOTU5ZDY0ZGI4XkEyXkFqcGdeQXVyNjUwNzk3NDc@._V1_SX300.jpg
177	Paris, Texas	1984-08-23	https://m.media-amazon.com/images/M/MV5BM2RjMmU3ZWItYzBlMy00ZmJkLWE5YzgtNTVkODdhOWM3NGZhXkEyXkFqcGdeQXVyNDA5Mjg5MjA@._V1_SX300.jpg
178	The Shop Around the Corner	1940-01-12	https://m.media-amazon.com/images/M/MV5BNzc1MTcyNTQ5N15BMl5BanBnXkFtZTgwMzgwMDI0MjE@._V1_SX300.jpg
179	Rocky	1976-12-03	https://m.media-amazon.com/images/M/MV5BMTY5MDMzODUyOF5BMl5BanBnXkFtZTcwMTQ3NTMyNA@@._V1_SX300.jpg
180	What Ever Happened to Baby Jane?	1962-10-31	https://m.media-amazon.com/images/M/MV5BZmI0M2VmNTgtMWVhYS00Zjg1LTk1YTYtNmJmMjRkZmMwYTc2XkEyXkFqcGdeQXVyNTA4NzY1MzY@._V1_SX300.jpg
181	Monsters, Inc.	2001-11-02	https://m.media-amazon.com/images/M/MV5BMTY1NTI0ODUyOF5BMl5BanBnXkFtZTgwNTEyNjQ0MDE@._V1_SX300.jpg
182	Sweet Smell of Success	1957-07-04	https://m.media-amazon.com/images/M/MV5BMjE5NTU3YWYtOWIxNi00YWZhLTg2NzktYzVjZWY5MDQ4NzVlXkEyXkFqcGdeQXVyNjc1NTYyMjg@._V1_SX300.jpg
183	The Princess Bride	1987-10-09	https://m.media-amazon.com/images/M/MV5BMGM4M2Q5N2MtNThkZS00NTc1LTk1NTItNWEyZjJjNDRmNDk5XkEyXkFqcGdeQXVyMjA0MDQ0Mjc@._V1_SX300.jpg
184	Before Sunset	2004-07-30	https://m.media-amazon.com/images/M/MV5BMTQ1MjAwNTM5Ml5BMl5BanBnXkFtZTYwNDM0MTc3._V1_SX300.jpg
185	The Help	2011-08-10	https://m.media-amazon.com/images/M/MV5BMTM5OTMyMjIxOV5BMl5BanBnXkFtZTcwNzU4MjIwNQ@@._V1_SX300.jpg
186	Paper Moon	1973-05-09	https://m.media-amazon.com/images/M/MV5BOWVmYzQwY2MtOTBjNi00MDNhLWI5OGMtN2RiMDYxODI3MjU5XkEyXkFqcGdeQXVyMjUzOTY1NTc@._V1_SX300.jpg
187	Butch Cassidy and the Sundance Kid	1969-09-24	https://m.media-amazon.com/images/M/MV5BMTkyMTM2NDk5Nl5BMl5BanBnXkFtZTgwNzY1NzEyMDE@._V1_SX300.jpg
188	Pink Floyd: The Wall	1982-09-17	https://m.media-amazon.com/images/M/MV5BZDhlZTYxOTYtYTk3Ny00ZDljLTk3ZmItZTcxZWU5YTIyYmFkXkEyXkFqcGdeQXVyMTQxNzMzNDI@._V1_SX300.jpg
189	Lion	2017-01-06	https://m.media-amazon.com/images/M/MV5BMjA3NjkzNjg2MF5BMl5BanBnXkFtZTgwMDkyMzgzMDI@._V1_SX300.jpg
190	Gandhi	1983-02-25	https://m.media-amazon.com/images/M/MV5BMzJiZDRmOWUtYjE2MS00Mjc1LTg1ZDYtNTQxYWJkZTg1OTM4XkEyXkFqcGdeQXVyNjUwNzk3NDc@._V1_SX300.jpg
191	The Grapes of Wrath	1940-03-15	https://m.media-amazon.com/images/M/MV5BNzJiOGI2MjctYjUyMS00ZjkzLWE2ZmUtOTg4NTZkOTNhZDc1L2ltYWdlXkEyXkFqcGdeQXVyNjc1NTYyMjg@._V1_SX300.jpg
192	Guardians of the Galaxy	2014-08-01	https://m.media-amazon.com/images/M/MV5BMTAwMjU5OTgxNjZeQTJeQWpwZ15BbWU4MDUxNDYxODEx._V1_SX300.jpg
193	Roman Holiday	1953-09-02	https://m.media-amazon.com/images/M/MV5BMTE2MDM4MTMtZmNkZC00Y2QyLWE0YjUtMTAxZGJmODMxMDM0XkEyXkFqcGdeQXVyNjc1NTYyMjg@._V1_SX300.jpg
194	Aladdin	1992-11-25	https://m.media-amazon.com/images/M/MV5BY2Q2NDI1MjUtM2Q5ZS00MTFlLWJiYWEtNTZmNjQ3OGJkZDgxXkEyXkFqcGdeQXVyNTI4MjkwNjA@._V1_SX300.jpg
195	Papillon	1973-12-19	https://m.media-amazon.com/images/M/MV5BZGRjZjQ0NzAtYmZlNS00Zjc1LTk1YWItMDY5YzQxMzA4MTAzXkEyXkFqcGdeQXVyMjI4MjA5MzA@._V1_SX300.jpg
196	The Terminator	1984-10-26	https://m.media-amazon.com/images/M/MV5BYTViNzMxZjEtZGEwNy00MDNiLWIzNGQtZDY2MjQ1OWViZjFmXkEyXkFqcGdeQXVyNzkwMjQ5NzM@._V1_SX300.jpg
197	All Quiet on the Western Front	1930-08-24	https://m.media-amazon.com/images/M/MV5BMzg2MWQ4MDEtOGZlNi00MTg0LWIwMjQtYWY5NTQwYmUzMWNmXkEyXkFqcGdeQXVyMzg2MzE2OTE@._V1_SX300.jpg
198	Dogville	2004-04-23	https://m.media-amazon.com/images/M/MV5BMTkwNTg2MTI1NF5BMl5BanBnXkFtZTcwMDM1MzUyMQ@@._V1_SX300.jpg
199	Pirates of the Caribbean: The Curse of the Black Pearl	2003-07-09	https://m.media-amazon.com/images/M/MV5BNGYyZGM5MGMtYTY2Ni00M2Y1LWIzNjQtYWUzM2VlNGVhMDNhXkEyXkFqcGdeQXVyMTMxODk2OTU@._V1_SX300.jpg
200	Scent of a Woman	1993-01-08	https://m.media-amazon.com/images/M/MV5BZTM3ZjA3NTctZThkYy00ODYyLTk2ZjItZmE0MmZlMTk3YjQwXkEyXkFqcGdeQXVyNTA4NzY1MzY@._V1_SX300.jpg
201	Groundhog Day	1993-02-12	https://m.media-amazon.com/images/M/MV5BZWIxNzM5YzQtY2FmMS00Yjc3LWI1ZjUtNGVjMjMzZTIxZTIxXkEyXkFqcGdeQXVyNjU0OTQ0OTY@._V1_SX300.jpg
202	Beauty and the Beast	1991-11-22	https://m.media-amazon.com/images/M/MV5BMzE5MDM1NDktY2I0OC00YWI5LTk2NzUtYjczNDczOWQxYjM0XkEyXkFqcGdeQXVyMTQxNzMzNDI@._V1_SX300.jpg
203	The Exorcist	1973-12-26	https://m.media-amazon.com/images/M/MV5BYjhmMGMxZDYtMTkyNy00YWVmLTgyYmUtYTU3ZjcwNTBjN2I1XkEyXkFqcGdeQXVyNzkwMjQ5NzM@._V1_SX300.jpg
204	The Best Years of Our Lives	1947-05-29	https://m.media-amazon.com/images/M/MV5BY2RmNTRjYzctODI4Ni00MzQyLWEyNTAtNjU0N2JkMTNhNjJkXkEyXkFqcGdeQXVyNjU0OTQ0OTY@._V1_SX300.jpg
205	Donnie Darko	2002-01-30	https://m.media-amazon.com/images/M/MV5BZjZlZDlkYTktMmU1My00ZDBiLWFlNjEtYTBhNjVhOTM4ZjJjXkEyXkFqcGdeQXVyMTMxODk2OTU@._V1_SX300.jpg
206	The Imitation Game	2014-12-25	https://m.media-amazon.com/images/M/MV5BOTgwMzFiMWYtZDhlNS00ODNkLWJiODAtZDVhNzgyNzJhYjQ4L2ltYWdlXkEyXkFqcGdeQXVyNzEzOTYxNTQ@._V1_SX300.jpg
207	The Iron Giant	1999-08-06	https://m.media-amazon.com/images/M/MV5BMjIxNDU2Njk0OV5BMl5BanBnXkFtZTgwODc3Njc3NjE@._V1_SX300.jpg
208	Dog Day Afternoon	1975-12-25	https://m.media-amazon.com/images/M/MV5BMzljMjBhODItYTYyYi00NzMwLTkyZDQtNjQ4MWU0MzhmNDU4XkEyXkFqcGdeQXVyMTA0MjU0Ng@@._V1_SX300.jpg
209	Brief Encounter	1946-08-24	https://m.media-amazon.com/images/M/MV5BYWQ0MGNjOTYtMWJlNi00YWMxLWFmMzktYjAyNTVkY2U1NWNhL2ltYWdlL2ltYWdlXkEyXkFqcGdeQXVyNjc1NTYyMjg@._V1_SX300.jpg
210	The Sound of Music	1965-04-01	https://m.media-amazon.com/images/M/MV5BODIxNjhkYjEtYzUyMi00YTNjLWE1YjktNjAyY2I2MWNkNmNmL2ltYWdlL2ltYWdlXkEyXkFqcGdeQXVyMTQxNzMzNDI@._V1_SX300.jpg
211	Young Frankenstein	1974-12-15	https://m.media-amazon.com/images/M/MV5BMTEwNjg2MjM2ODFeQTJeQWpwZ15BbWU4MDQ1MDU5OTEx._V1_SX300.jpg
212	The Wizard of Oz	1939-08-25	https://m.media-amazon.com/images/M/MV5BNjUyMTc4MDExMV5BMl5BanBnXkFtZTgwNDg0NDIwMjE@._V1_SX300.jpg
213	Anatomy of a Murder	1959-09-01	https://m.media-amazon.com/images/M/MV5BMzM0MzE2ZTAtZTBjZS00MTk5LTg5OTEtNjNmYmQ5NzU2OTUyXkEyXkFqcGdeQXVyNDY2MTk1ODk@._V1_SX300.jpg
214	Jaws	1975-06-20	https://m.media-amazon.com/images/M/MV5BMmVmODY1MzEtYTMwZC00MzNhLWFkNDMtZjAwM2EwODUxZTA5XkEyXkFqcGdeQXVyNTAyODkwOQ@@._V1_SX300.jpg
215	The Bourne Ultimatum	2007-08-03	https://m.media-amazon.com/images/M/MV5BNGNiNmU2YTMtZmU4OS00MjM0LTlmYWUtMjVlYjAzYjE2N2RjXkEyXkFqcGdeQXVyNDk3NzU2MTQ@._V1_SX300.jpg
216	JFK	1991-12-20	https://m.media-amazon.com/images/M/MV5BYjYyODExMDctZjgwYy00ZjQwLWI4OWYtOGFlYjA4ZjEzNmY1XkEyXkFqcGdeQXVyNTAyODkwOQ@@._V1_SX300.jpg
217	Zootopia	2016-03-04	https://m.media-amazon.com/images/M/MV5BOTMyMjEyNzIzMV5BMl5BanBnXkFtZTgwNzIyNjU0NzE@._V1_SX300.jpg
218	12 Monkeys	1996-01-05	https://m.media-amazon.com/images/M/MV5BN2Y2OWU4MWMtNmIyMy00YzMyLWI0Y2ItMTcyZDc3MTdmZDU4XkEyXkFqcGdeQXVyMTQxNzMzNDI@._V1_SX300.jpg
219	The Avengers	2012-05-04	https://m.media-amazon.com/images/M/MV5BNDYxNjQyMjAtNTdiOS00NGYwLWFmNTAtNThmYjU5ZGI2YTI1XkEyXkFqcGdeQXVyMTMxODk2OTU@._V1_SX300.jpg
220	Out of the Past	1947-12-01	https://m.media-amazon.com/images/M/MV5BMDE0MjYxYmMtM2VhMC00MjhiLTg5NjItMDkzZGM5MGVlYjMxL2ltYWdlL2ltYWdlXkEyXkFqcGdeQXVyNjc1NTYyMjg@._V1_SX300.jpg
221	La La Land	2016-12-25	https://m.media-amazon.com/images/M/MV5BMzUzNDM2NzM2MV5BMl5BanBnXkFtZTgwNTM3NTg4OTE@._V1_SX300.jpg
222	Rain Man	1988-12-16	https://m.media-amazon.com/images/M/MV5BMzVjNzI4NzYtMjE4NS00M2IzLWFkOWMtOTYwMWUzN2ZlNGVjL2ltYWdlL2ltYWdlXkEyXkFqcGdeQXVyMTQxNzMzNDI@._V1_SX300.jpg
223	Dances with Wolves	1990-11-21	https://m.media-amazon.com/images/M/MV5BMTY3OTI5NDczN15BMl5BanBnXkFtZTcwNDA0NDY3Mw@@._V1_SX300.jpg
224	The Night of the Hunter	1955-11-24	https://m.media-amazon.com/images/M/MV5BYTNjN2M2MzYtZGEwMi00Mzc5LWEwYTMtODM1ZmRiZjFiNTU0L2ltYWdlL2ltYWdlXkEyXkFqcGdeQXVyNjc1NTYyMjg@._V1_SX300.jpg
225	Magnolia	2000-01-07	https://m.media-amazon.com/images/M/MV5BZjk3YThkNDktNjZjMS00MTBiLTllNTAtYzkzMTU0N2QwYjJjXkEyXkFqcGdeQXVyMTMxODk2OTU@._V1_SX300.jpg
226	Blade Runner 2049	2017-10-06	https://m.media-amazon.com/images/M/MV5BNzA1Njg4NzYxOV5BMl5BanBnXkFtZTgwODk5NjU3MzI@._V1_SX300.jpg
227	The Incredibles	2004-11-05	https://m.media-amazon.com/images/M/MV5BMTY5OTU0OTc2NV5BMl5BanBnXkFtZTcwMzU4MDcyMQ@@._V1_SX300.jpg
228	Kind Hearts and Coronets	1950-06-14	https://m.media-amazon.com/images/M/MV5BZjc1Yzc0ZmItMzU1OS00OWVlLThmYTctMWNlYmFlMjkxMzc0XkEyXkFqcGdeQXVyNTA1NjYyMDk@._V1_SX300.jpg
229	Blood Diamond	2006-12-08	https://m.media-amazon.com/images/M/MV5BZDMxOGZhNWYtMzRlYy00Mzk5LWJjMjEtNmQ4NDU4M2QxM2UzXkEyXkFqcGdeQXVyNTA4NzY1MzY@._V1_SX300.jpg
230	Who's Afraid of Virginia Woolf?	1966-06-22	https://m.media-amazon.com/images/M/MV5BMjQ5ODI1MjQtMDc0Zi00OGQ1LWE2NTYtMTg1YTkxM2E5NzFkXkEyXkFqcGdeQXVyNTA4NzY1MzY@._V1_SX300.jpg
231	Rosemary's Baby	1968-10-17	https://m.media-amazon.com/images/M/MV5BZmEwZGU2NzctYzlmNi00MGJkLWE3N2MtYjBlN2ZhMGJkZTZiXkEyXkFqcGdeQXVyMTQxNzMzNDI@._V1_SX300.jpg
232	Kill Bill: Vol. 2	2004-04-16	https://m.media-amazon.com/images/M/MV5BNmFiYmJmN2QtNWQwMi00MzliLThiOWMtZjQxNGRhZTQ1MjgyXkEyXkFqcGdeQXVyNzQ1ODk3MTQ@._V1_SX300.jpg
233	Rio Bravo	1959-04-04	https://m.media-amazon.com/images/M/MV5BZDVhMTk1NjUtYjc0OS00OTE1LTk1NTYtYWMzMDI5OTlmYzU2XkEyXkFqcGdeQXVyNjc1NTYyMjg@._V1_SX300.jpg
234	The Martian	2015-10-02	https://m.media-amazon.com/images/M/MV5BMTc2MTQ3MDA1Nl5BMl5BanBnXkFtZTgwODA3OTI4NjE@._V1_SX300.jpg
235	Ratatouille	2007-06-29	https://m.media-amazon.com/images/M/MV5BMTMzODU0NTkxMF5BMl5BanBnXkFtZTcwMjQ4MzMzMw@@._V1_SX300.jpg
236	Cat on a Hot Tin Roof	1958-08-29	https://m.media-amazon.com/images/M/MV5BMzFhNTMwNDMtZjY3Yy00NzY3LWI1ZWQtZTQxMWJmODVhZWFkXkEyXkFqcGdeQXVyNjQzNDI3NzY@._V1_SX300.jpg
237	The King's Speech	2010-12-25	https://m.media-amazon.com/images/M/MV5BMzU5MjEwMTg2Nl5BMl5BanBnXkFtZTcwNzM3MTYxNA@@._V1_SX300.jpg
238	Her	2014-01-10	https://m.media-amazon.com/images/M/MV5BMjA1Nzk0OTM2OF5BMl5BanBnXkFtZTgwNjU2NjEwMDE@._V1_SX300.jpg
239	The Last Picture Show	1971-10-22	https://m.media-amazon.com/images/M/MV5BNmVjNzZkZjQtYmM5ZC00M2I0LWJhNzktNDk3MGU1NWMxMjFjXkEyXkFqcGdeQXVyNjc1NTYyMjg@._V1_SX300.jpg
240	Rope	1948-09-25	https://m.media-amazon.com/images/M/MV5BYWFjMDNlYzItY2VlMS00ZTRkLWJjYTEtYjI5NmFlMGE3MzQ2XkEyXkFqcGdeQXVyNjc1NTYyMjg@._V1_SX300.jpg
241	Annie Hall	1977-04-20	https://m.media-amazon.com/images/M/MV5BZDg1OGQ4YzgtM2Y2NS00NjA3LWFjYTctMDRlMDI3NWE1OTUyXkEyXkFqcGdeQXVyMjUzOTY1NTc@._V1_SX300.jpg
242	Marriage Story	2019-12-06	https://m.media-amazon.com/images/M/MV5BZGVmY2RjNDgtMTc3Yy00YmY0LTgwODItYzBjNWJhNTRlYjdkXkEyXkFqcGdeQXVyMjM4NTM5NDY@._V1_SX300.jpg
243	Fiddler on the Roof	1971-11-03	https://m.media-amazon.com/images/M/MV5BMWMxNDYzNmUtYjFmNC00MGM2LWFmNzMtODhlMGNkNDg5MjE5XkEyXkFqcGdeQXVyNjE5MjUyOTM@._V1_SX300.jpg
244	The Nightmare Before Christmas	1993-10-29	https://m.media-amazon.com/images/M/MV5BNWE4OTNiM2ItMjY4Ni00ZTViLWFiZmEtZGEyNGY2ZmNlMzIyXkEyXkFqcGdeQXVyMDU5NDcxNw@@._V1_SX300.jpg
245	Sling Blade	1997-03-14	https://m.media-amazon.com/images/M/MV5BNGY5NWIxMjAtODBjNC00MmZhLTk1ZTAtNGRhYThlOTNjMTQwXkEyXkFqcGdeQXVyNTc1NTQxODI@._V1_SX300.jpg
246	The Straight Story	1999-11-03	https://m.media-amazon.com/images/M/MV5BNmE1MDk4OWEtYjk1NS00MWU2LTk5ZWItYjZhYmRkODRjMDc0XkEyXkFqcGdeQXVyNjE5MjUyOTM@._V1_SX300.jpg
247	Sleuth	1972-12-11	https://m.media-amazon.com/images/M/MV5BM2EzZmFmMmItODY3Zi00NjdjLWE0MTYtZWQ3MGIyM2M4YjZhXkEyXkFqcGdeQXVyMzg2MzE2OTE@._V1_SX300.jpg
248	The Pursuit of Happyness	2006-12-15	https://m.media-amazon.com/images/M/MV5BMTQ5NjQ0NDI3NF5BMl5BanBnXkFtZTcwNDI0MjEzMw@@._V1_SX300.jpg
249	Short Term 12	2013-08-23	https://m.media-amazon.com/images/M/MV5BMTEwNjE2OTM4NDZeQTJeQWpwZ15BbWU3MDE2MTE4OTk@._V1_SX300.jpg
250	Touch of Evil	1958-05-09	https://m.media-amazon.com/images/M/MV5BOTA1MjA3M2EtMmJjZS00OWViLTkwMTEtM2E5ZDk0NTAyNGJiXkEyXkFqcGdeQXVyNzkwMjQ5NzM@._V1_SX300.jpg
\.


--
-- Name: actors_id_seq; Type: SEQUENCE SET; Schema: public; Owner: -
--

SELECT pg_catalog.setval('public.actors_id_seq', 620, true);


--
-- Name: movies_id_seq; Type: SEQUENCE SET; Schema: public; Owner: -
--

SELECT pg_catalog.setval('public.movies_id_seq', 250, true);


--
-- Name: actors actors_pkey; Type: CONSTRAINT; Schema: public; Owner: -
--

ALTER TABLE ONLY public.actors
    ADD CONSTRAINT actors_pkey PRIMARY KEY (id);


--
-- Name: movie_actors movie_actors_pkey; Type: CONSTRAINT; Schema: public; Owner: -
--

ALTER TABLE ONLY public.movie_actors
    ADD CONSTRAINT movie_actors_pkey PRIMARY KEY (movie_id, actor_id);


--
-- Name: movies movies_pkey; Type: CONSTRAINT; Schema: public; Owner: -
--

ALTER TABLE ONLY public.movies
    ADD CONSTRAINT movies_pkey PRIMARY KEY (id);


--
-- Name: movie_actors movie_actors_movie_id_fkey; Type: FK CONSTRAINT; Schema: public; Owner: -
--

ALTER TABLE ONLY public.movie_actors
    ADD CONSTRAINT movie_actors_movie_id_fkey FOREIGN KEY (movie_id) REFERENCES public.movies(id);


--
-- PostgreSQL database dump complete
--

